Date,Country,Engaged sessions,WC (web conversions),WQC (web qualified conversions)
20171124,United States,2357,482,23
20171126,United States,1838,469,16
20171119,United States,1764,493,10
20171125,United States,1738,465,11
20171123,United States,1659,454,22
20171127,United States,1650,417,14
20171120,United States,1637,472,17
20171203,United States,1570,453,15
20171121,United States,1569,461,25
20171214,Brazil,1531,77,22
20171122,United States,1516,257,8
20171118,United States,1503,405,6
20171128,United States,1448,379,5
20171129,United States,1426,338,12
20171213,Brazil,1409,65,16
20171204,United States,1402,353,12
20171209,United States,1392,395,15
20171210,United States,1386,416,10
20171116,United States,1378,368,7
20171205,United States,1375,360,8
20171117,United States,1365,380,15
20171215,Brazil,1363,48,19
20171130,United States,1326,368,12
20171202,United States,1323,385,9
20171206,United States,1312,375,15
20171211,United States,1311,383,10
20171212,United States,1284,385,11
20171201,United States,1268,302,9
20171129,Brazil,1266,71,13
20171213,United States,1234,304,11
20171214,United States,1217,349,11
20171210,Australia,1180,155,17
20171215,United States,1165,304,7
20171130,Brazil,1157,86,45
20171212,Brazil,1156,88,32
20171207,United States,1148,302,11
20171208,United States,1135,347,14
20171205,Australia,1118,123,17
20171211,Brazil,1115,70,10
20171209,Australia,977,112,16
20171211,Australia,971,145,18
20171128,Brazil,961,68,24
20171201,Brazil,960,89,45
20171125,Australia,945,126,15
20171126,Australia,937,126,11
20171206,Australia,918,111,11
20171120,Australia,916,103,15
20171119,Australia,900,117,16
20171124,Australia,879,150,14
20171128,Australia,877,124,14
20171212,Australia,870,127,13
20171127,Australia,869,122,13
20171208,Australia,852,112,6
20171213,Australia,852,120,9
20171203,Australia,848,121,14
20171204,Brazil,836,74,17
20171210,Brazil,835,46,24
20171116,Brazil,832,49,8
20171121,Australia,827,143,23
20171120,Brazil,826,63,14
20171129,Australia,815,135,18
20171118,Australia,797,89,15
20171214,Australia,795,123,11
20171205,Brazil,773,61,14
20171215,Australia,768,152,12
20171117,Brazil,764,62,13
20171119,Brazil,764,44,15
20171207,Australia,759,92,12
20171121,Brazil,748,70,15
20171204,Australia,746,110,13
20171118,Brazil,741,48,12
20171202,Australia,734,120,11
20171209,Brazil,724,31,13
20171203,Brazil,711,33,12
20171123,Australia,707,115,13
20171116,Australia,705,68,14
20171127,Brazil,697,55,13
20171201,Australia,691,102,14
20171122,Australia,688,90,10
20171117,Australia,682,80,13
20171130,Australia,657,114,22
20171206,Brazil,644,57,17
20171202,Brazil,622,43,15
20171208,Brazil,605,44,11
20171123,Brazil,595,54,13
20171207,Brazil,595,46,7
20171122,Brazil,594,42,5
20171126,Brazil,576,33,9
20171119,Canada,521,117,5
20171125,Brazil,514,39,10
20171123,Canada,499,136,4
20171127,Canada,487,115,1
20171201,Canada,485,87,1
20171120,Canada,480,103,3
20171124,Brazil,479,44,6
20171130,Canada,476,100,2
20171210,Canada,467,162,4
20171126,Canada,466,108,2
20171118,Canada,465,105,0
20171124,Canada,462,108,9
20171129,Canada,446,96,5
20171122,Canada,445,85,3
20171203,Canada,444,127,3
20171128,Canada,439,103,1
20171117,Canada,436,60,3
20171121,Canada,431,70,2
20171116,Canada,426,73,7
20171213,Canada,422,131,0
20171125,Canada,418,109,1
20171205,Canada,417,104,2
20171204,Canada,407,120,3
20171212,Canada,393,106,2
20171211,Canada,380,101,1
20171202,Canada,378,95,1
20171206,Canada,375,106,2
20171215,Canada,369,76,1
20171207,Canada,366,94,3
20171209,Canada,355,96,3
20171208,Canada,346,90,1
20171214,Canada,337,92,3
20171211,New Zealand,233,30,2
20171212,New Zealand,230,27,3
20171213,New Zealand,227,20,2
20171205,New Zealand,223,20,1
20171215,Argentina,223,7,5
20171120,Argentina,215,5,2
20171127,Argentina,215,12,5
20171210,New Zealand,211,22,2
20171206,New Zealand,199,18,1
20171117,Mexico,197,21,14
20171211,Mexico,197,11,1
20171215,New Zealand,192,21,2
20171121,Mexico,188,18,6
20171121,Argentina,186,6,2
20171122,Mexico,183,18,4
20171214,New Zealand,180,18,1
20171124,Mexico,173,10,0
20171209,New Zealand,172,25,1
20171205,Mexico,169,12,3
20171122,Argentina,168,3,2
20171120,Mexico,167,31,6
20171126,France,167,9,2
20171206,Mexico,166,14,3
20171204,Mexico,164,12,4
20171214,Mexico,164,15,4
20171203,New Zealand,163,27,6
20171128,Argentina,159,8,7
20171210,Mexico,159,9,1
20171202,New Zealand,158,21,2
20171204,New Zealand,156,23,3
20171210,France,153,25,4
20171212,Mexico,153,14,2
20171126,New Zealand,152,23,2
20171208,New Zealand,152,16,3
20171119,Argentina,150,6,1
20171126,Argentina,150,3,2
20171116,Argentina,147,4,2
20171208,Mexico,147,13,0
20171119,Mexico,146,20,8
20171207,New Zealand,143,20,5
20171209,Mexico,142,16,6
20171116,Mexico,141,21,7
20171128,New Zealand,141,21,2
20171207,Mexico,141,16,0
20171118,Argentina,136,4,2
20171129,Argentina,136,10,7
20171127,New Zealand,132,10,0
20171212,Argentina,132,5,3
20171117,Argentina,131,3,1
20171211,Argentina,130,7,1
20171215,Mexico,130,8,3
20171123,Mexico,129,7,1
20171213,Mexico,129,11,0
20171118,Mexico,128,19,7
20171129,New Zealand,126,13,1
20171201,New Zealand,125,18,2
20171203,Mexico,125,4,0
20171118,New Zealand,124,22,0
20171202,France,124,12,3
20171210,Argentina,124,6,4
20171124,Argentina,123,3,2
20171125,Argentina,122,4,2
20171203,France,122,15,1
20171202,Mexico,121,7,2
20171130,New Zealand,120,12,0
20171125,New Zealand,119,16,0
20171128,Mexico,118,14,2
20171211,Chile,117,6,2
20171127,France,113,13,1
20171127,Mexico,113,7,0
20171212,France,112,12,3
20171214,France,109,16,3
20171119,France,108,9,0
20171117,New Zealand,107,6,1
20171121,United Kingdom,106,24,2
20171126,Mexico,105,9,1
20171130,France,105,10,0
20171207,France,105,7,2
20171130,Argentina,104,1,0
20171129,France,103,16,0
20171209,France,103,14,1
20171119,United Kingdom,102,19,3
20171124,New Zealand,102,7,0
20171123,Argentina,101,2,1
20171129,Mexico,101,7,2
20171208,France,101,12,1
20171121,New Zealand,100,23,2
20171120,France,99,12,2
20171122,New Zealand,99,13,1
20171126,Germany,97,17,1
20171210,Chile,97,5,4
20171213,Argentina,96,6,2
20171118,France,95,7,1
20171120,Japan,95,12,1
20171129,Japan,95,5,0
20171130,Mexico,95,7,0
20171201,Mexico,95,5,0
20171125,Mexico,94,9,0
20171201,France,94,10,3
20171211,France,94,16,0
20171214,Argentina,94,6,4
20171123,France,93,6,2
20171116,Germany,92,15,3
20171116,New Zealand,92,16,0
20171117,France,92,7,2
20171119,New Zealand,92,18,2
20171120,New Zealand,92,15,0
20171203,Argentina,92,6,1
20171204,China,91,0,0
20171215,France,91,12,0
20171206,France,90,15,3
20171126,United Kingdom,88,14,2
20171209,Chile,88,4,3
20171116,France,87,9,1
20171128,France,87,19,0
20171208,Argentina,87,6,2
20171122,France,86,15,2
20171204,United Kingdom,86,12,0
20171209,Argentina,86,2,2
20171116,United Kingdom,85,11,2
20171120,United Kingdom,85,14,1
20171123,New Zealand,85,7,0
20171204,France,85,13,2
20171214,Japan,85,4,2
20171215,Japan,85,5,1
20171116,Chile,84,4,0
20171120,Chile,84,4,1
20171130,Japan,84,4,0
20171118,Chile,83,2,1
20171212,Chile,83,1,0
20171119,Germany,82,5,0
20171118,United Kingdom,81,9,0
20171126,Spain,81,10,3
20171205,France,80,6,0
20171123,United Kingdom,79,10,0
20171128,United Kingdom,79,13,1
20171203,Sweden,79,9,2
20171118,Spain,78,15,8
20171124,France,78,7,1
20171117,Spain,77,11,2
20171121,Spain,77,8,1
20171125,United Kingdom,77,11,3
20171121,France,76,12,2
20171117,Germany,75,12,1
20171127,United Kingdom,75,9,0
20171121,Chile,74,1,0
20171122,United Kingdom,74,7,0
20171124,Spain,74,12,1
20171125,Germany,74,10,1
20171203,Spain,74,13,2
20171204,Chile,74,3,1
20171119,Chile,73,1,0
20171122,Spain,73,9,1
20171123,Spain,73,17,3
20171204,Japan,73,2,2
20171205,Argentina,73,2,1
20171202,Argentina,72,0,0
20171213,Chile,72,3,3
20171127,Germany,71,10,0
20171203,United Kingdom,71,11,2
20171204,Germany,71,2,0
20171213,France,71,2,0
20171128,Japan,70,7,0
20171124,Germany,69,9,0
20171124,Japan,69,0,0
20171122,Germany,68,5,0
20171124,United Kingdom,68,9,0
20171130,Spain,68,7,2
20171116,Japan,67,3,0
20171120,Spain,67,9,3
20171121,Germany,67,5,0
20171125,France,67,8,3
20171129,Sweden,67,5,0
20171204,Spain,66,12,0
20171204,Sweden,66,8,1
20171210,Germany,66,10,1
20171123,Germany,65,12,1
20171203,Japan,65,2,0
20171206,Argentina,65,6,2
20171209,Spain,65,7,1
20171128,Sweden,64,6,0
20171129,United Kingdom,64,6,0
20171201,Japan,64,1,0
20171205,Germany,64,8,0
20171208,Chile,64,2,0
20171209,Sweden,64,2,1
20171215,Chile,64,5,2
20171118,Sweden,63,3,0
20171125,Japan,63,2,0
20171128,Spain,63,7,1
20171201,Spain,63,10,2
20171202,Japan,63,3,0
20171206,Chile,63,3,1
20171206,Japan,63,3,0
20171207,Japan,63,3,0
20171208,Spain,63,2,0
20171211,Germany,63,6,0
20171213,Germany,63,4,1
20171213,Japan,63,5,2
20171118,Germany,62,6,0
20171129,Spain,62,5,1
20171203,Germany,62,5,1
20171211,United Kingdom,62,6,0
20171122,Chile,61,0,0
20171129,Germany,61,4,0
20171210,Spain,61,5,1
20171212,United Kingdom,61,9,1
20171201,Argentina,60,2,2
20171202,Germany,60,5,1
20171209,Germany,60,9,0
20171211,Spain,60,10,1
20171211,Japan,60,6,0
20171212,Sweden,60,3,0
20171120,Germany,59,10,2
20171121,Japan,59,1,0
20171121,Sweden,59,4,0
20171122,Sweden,59,5,0
20171130,Germany,59,10,0
20171130,United Kingdom,59,13,2
20171202,Sweden,59,3,0
20171205,United Kingdom,59,9,0
20171116,Spain,58,20,7
20171117,United Kingdom,58,5,2
20171119,Spain,58,7,3
20171121,Italy,58,7,0
20171126,Japan,58,8,0
20171204,Argentina,58,3,3
20171212,Germany,58,8,2
20171214,Chile,58,3,2
20171116,Sweden,57,4,0
20171117,Italy,57,7,1
20171117,Japan,57,5,1
20171123,Chile,57,2,1
20171125,Spain,57,8,2
20171127,Italy,57,9,0
20171206,Spain,57,6,3
20171206,United Kingdom,57,10,0
20171210,Japan,57,1,0
20171117,Chile,56,0,0
20171119,Japan,56,3,0
20171119,Norway,56,6,2
20171122,Japan,56,2,0
20171201,Germany,56,7,0
20171201,Italy,56,11,3
20171210,United Kingdom,56,8,0
20171214,Spain,56,3,1
20171127,Spain,55,6,1
20171127,Japan,55,5,0
20171130,Italy,55,9,1
20171208,United Kingdom,55,6,0
20171209,United Kingdom,55,4,0
20171213,Spain,55,4,0
20171116,Colombia,54,2,1
20171127,Chile,54,0,0
20171128,Germany,54,10,1
20171202,United Kingdom,54,13,2
20171204,Norway,54,5,0
20171205,Japan,54,3,0
20171207,Argentina,54,1,0
20171212,Spain,54,10,3
20171125,Sweden,53,3,0
20171207,Germany,53,5,0
20171208,Norway,53,14,0
20171215,Spain,53,9,1
20171120,Sweden,52,3,1
20171123,Japan,52,2,0
20171127,Finland,52,1,0
20171130,Norway,52,7,0
20171205,Sweden,52,8,0
20171208,Japan,52,0,0
20171116,Italy,51,4,0
20171122,Italy,51,9,1
20171124,Chile,51,2,2
20171203,Chile,51,0,0
20171211,Colombia,51,4,1
20171213,United Kingdom,51,16,1
20171214,United Kingdom,51,8,2
20171118,Japan,50,4,0
20171121,Norway,50,10,1
20171127,Sweden,50,3,0
20171201,United Kingdom,50,3,1
20171202,Spain,50,1,1
20171202,Italy,50,14,2
20171129,Norway,49,3,0
20171206,Germany,49,4,0
20171202,Chile,48,0,0
20171204,Italy,48,3,0
20171212,Japan,48,4,0
20171120,Italy,47,14,1
20171123,Italy,47,9,2
20171124,Sweden,47,4,0
20171201,Sweden,47,3,0
20171206,Norway,47,6,2
20171207,United Kingdom,47,6,0
20171207,Norway,47,8,1
20171208,Sweden,47,8,0
20171214,Italy,47,8,0
20171215,Germany,47,3,0
20171128,Chile,46,4,3
20171128,China,46,1,0
20171128,Norway,46,7,0
20171215,Italy,46,6,0
20171118,Norway,45,9,1
20171119,Sweden,45,4,0
20171123,Sweden,45,3,0
20171124,Italy,45,7,0
20171126,Sweden,45,7,1
20171127,Norway,45,11,1
20171129,Italy,45,5,0
20171207,Chile,45,0,0
20171207,Spain,45,10,3
20171214,Germany,45,1,0
20171203,Norway,44,1,0
20171210,Colombia,44,2,2
20171118,Italy,43,3,0
20171122,Finland,43,4,0
20171128,Italy,43,5,0
20171201,Norway,43,5,1
20171208,Germany,43,4,0
20171209,Japan,43,2,0
20171211,Norway,43,5,0
20171212,Italy,43,11,1
20171117,Sweden,42,4,0
20171120,Colombia,42,0,0
20171130,Sweden,42,6,0
20171205,Chile,42,1,0
20171205,Norway,42,7,0
20171211,Italy,42,5,0
20171215,United Kingdom,42,10,0
20171215,Norway,42,7,0
20171124,Finland,41,2,0
20171124,Norway,41,4,0
20171126,Chile,41,0,0
20171129,Chile,41,1,0
20171129,Finland,41,2,0
20171207,Sweden,41,3,0
20171209,Colombia,41,2,1
20171119,Italy,40,8,2
20171125,Italy,40,5,1
20171126,Italy,40,9,1
20171205,China,40,0,0
20171206,Sweden,40,9,3
20171210,Sweden,40,3,1
20171212,Norway,40,5,0
20171117,Norway,39,7,1
20171119,Colombia,39,3,1
20171121,Colombia,39,2,1
20171126,Norway,39,3,0
20171207,Italy,39,7,0
20171211,Sweden,39,4,0
20171213,Norway,39,4,0
20171116,Norway,38,6,1
20171121,Finland,38,0,0
20171125,Chile,38,2,2
20171128,Finland,38,3,0
20171215,Finland,38,0,0
20171215,Sweden,38,4,1
20171117,Finland,37,3,0
20171122,Colombia,37,1,0
20171201,China,37,0,0
20171205,Spain,37,4,0
20171206,Italy,37,3,0
20171207,China,37,0,0
20171214,China,37,0,0
20171123,Finland,36,2,0
20171123,Norway,36,6,0
20171125,Norway,36,5,0
20171203,Italy,36,4,1
20171204,Finland,36,1,0
20171209,China,36,0,0
20171213,China,36,0,0
20171213,Sweden,36,4,0
20171117,Colombia,35,1,1
20171120,Norway,35,3,0
20171202,Norway,35,5,0
20171207,Finland,35,5,0
20171125,Finland,34,2,0
20171128,Colombia,34,2,2
20171130,Chile,34,3,1
20171208,Italy,34,4,0
20171210,Italy,34,5,0
20171211,China,34,0,0
20171213,Finland,34,5,0
20171123,Colombia,33,1,0
20171205,Italy,33,7,2
20171209,Italy,33,1,0
20171209,Norway,33,7,0
20171210,Norway,33,5,0
20171214,Sweden,33,2,0
20171119,Finland,32,1,0
20171120,Finland,31,3,1
20171122,Switzerland,31,2,0
20171122,China,31,0,0
20171129,Colombia,31,3,0
20171212,China,31,0,0
20171116,Finland,30,2,0
20171130,Finland,30,0,0
20171210,Finland,30,1,0
20171212,Colombia,30,1,0
20171212,Finland,30,4,0
20171215,China,30,0,0
20171118,China,29,0,0
20171118,Colombia,29,1,1
20171120,China,29,0,0
20171127,Colombia,29,2,1
20171130,China,29,1,0
20171213,Colombia,29,1,0
20171214,Norway,29,4,0
20171215,Colombia,29,0,0
20171116,China,28,0,0
20171123,China,28,0,0
20171124,Russia,28,2,0
20171126,Finland,28,4,1
20171201,Chile,28,1,1
20171211,Finland,28,3,0
20171117,China,27,0,0
20171120,Netherlands,27,3,0
20171121,China,27,0,0
20171201,Finland,27,2,0
20171203,China,27,1,0
20171206,China,27,0,0
20171207,Colombia,27,1,1
20171214,Finland,27,5,0
20171118,Finland,26,5,0
20171122,Norway,26,3,0
20171124,China,26,0,0
20171208,Colombia,26,0,0
20171208,Finland,26,3,0
20171214,Colombia,26,0,0
20171119,Saudi Arabia,25,4,0
20171124,Colombia,25,0,0
20171126,Colombia,25,0,0
20171127,China,25,0,0
20171203,Colombia,25,1,0
20171203,Finland,25,2,1
20171204,Russia,25,8,0
20171213,Italy,25,1,0
20171126,China,24,0,0
20171130,Colombia,24,1,1
20171202,Colombia,24,2,1
20171208,China,24,0,0
20171210,China,24,0,0
20171211,Switzerland,24,1,0
20171125,Colombia,23,2,0
20171127,South Africa,23,4,0
20171205,Finland,23,4,0
20171209,Finland,23,2,2
20171215,Peru,23,0,0
20171119,Netherlands,22,4,0
20171125,China,22,0,0
20171128,Russia,22,3,0
20171128,Saudi Arabia,22,4,0
20171130,Russia,22,1,0
20171201,Colombia,22,1,1
20171205,Puerto Rico,22,1,0
20171210,Peru,22,0,0
20171117,Netherlands,21,2,0
20171118,Saudi Arabia,21,9,0
20171122,South Africa,21,4,0
20171128,Thailand,21,1,0
20171202,China,21,0,0
20171214,Peru,21,0,0
20171119,China,20,0,0
20171121,Netherlands,20,1,0
20171121,South Africa,20,6,1
20171123,Netherlands,20,1,0
20171126,Saudi Arabia,20,6,0
20171129,Belgium,20,3,0
20171130,Netherlands,20,7,0
20171203,Puerto Rico,20,1,0
20171206,Colombia,20,1,1
20171208,Peru,20,0,0
20171211,South Africa,20,6,1
20171212,Thailand,20,7,0
20171116,Netherlands,19,7,0
20171118,Netherlands,19,1,1
20171122,Netherlands,19,3,0
20171126,Belgium,19,0,0
20171127,Belgium,19,2,0
20171129,Russia,19,1,0
20171204,Paraguay,19,1,0
20171118,Belgium,18,0,0
20171120,Saudi Arabia,18,4,0
20171123,Russia,18,2,0
20171126,Netherlands,18,2,0
20171129,Saudi Arabia,18,1,0
20171130,Saudi Arabia,18,5,0
20171204,Peru,18,0,0
20171204,Thailand,18,4,0
20171205,Netherlands,18,5,0
20171206,Finland,18,2,0
20171206,Thailand,18,1,0
20171212,South Africa,18,1,0
20171213,Thailand,18,4,0
20171121,Saudi Arabia,17,7,0
20171122,Belgium,17,5,0
20171122,India,17,5,2
20171122,Thailand,17,6,0
20171126,Poland,17,1,0
20171128,Belgium,17,1,1
20171128,Tunisia,17,0,0
20171202,Finland,17,3,1
20171204,Colombia,17,0,0
20171205,Russia,17,6,0
20171206,Martinique,17,1,0
20171206,Peru,17,0,0
20171207,Russia,17,0,0
20171210,Netherlands,17,3,0
20171210,Thailand,17,1,0
20171211,Peru,17,2,1
20171211,Puerto Rico,17,3,0
20171212,Dominican Republic,17,0,0
20171212,Netherlands,17,1,0
20171212,Peru,17,1,0
20171118,Russia,16,1,0
20171119,Poland,16,1,0
20171119,Russia,16,1,0
20171120,Belgium,16,1,0
20171123,India,16,3,0
20171125,Belgium,16,5,1
20171126,South Africa,16,3,0
20171127,Thailand,16,3,1
20171128,Greece,16,6,0
20171129,China,16,0,0
20171129,Netherlands,16,3,1
20171203,Saudi Arabia,16,1,0
20171203,South Africa,16,2,0
20171205,Colombia,16,0,0
20171210,Paraguay,16,0,0
20171214,Belgium,16,3,0
20171116,Greece,15,0,0
20171120,Austria,15,1,0
20171122,Russia,15,2,0
20171127,India,15,2,0
20171127,Netherlands,15,5,0
20171128,Puerto Rico,15,0,0
20171202,Peru,15,0,0
20171202,Thailand,15,2,0
20171203,Indonesia,15,3,0
20171204,Philippines,15,1,0
20171205,South Africa,15,1,0
20171206,Belgium,15,1,0
20171210,South Africa,15,3,0
20171211,Austria,15,1,0
20171211,Portugal,15,0,0
20171211,Paraguay,15,3,0
20171211,Russia,15,1,0
20171213,Peru,15,1,1
20171213,Russia,15,3,0
20171215,Puerto Rico,15,1,0
20171116,Austria,14,1,0
20171116,Indonesia,14,2,0
20171117,Thailand,14,2,0
20171119,Hungary,14,3,0
20171121,India,14,1,0
20171127,United Arab Emirates,14,4,1
20171129,Paraguay,14,0,0
20171201,Russia,14,4,0
20171202,Saudi Arabia,14,5,0
20171203,Belgium,14,2,1
20171203,Poland,14,4,0
20171203,Russia,14,2,0
20171204,Puerto Rico,14,0,0
20171204,Turkey,14,2,0
20171205,Indonesia,14,6,0
20171206,India,14,1,0
20171206,Netherlands,14,2,0
20171206,Saudi Arabia,14,3,0
20171207,Belgium,14,1,0
20171207,Puerto Rico,14,1,0
20171208,Austria,14,0,0
20171208,Netherlands,14,3,0
20171209,Peru,14,1,1
20171209,Puerto Rico,14,0,0
20171210,Poland,14,2,0
20171210,Saudi Arabia,14,2,0
20171211,Thailand,14,1,0
20171213,South Africa,14,1,0
20171215,South Africa,14,3,0
20171116,Ukraine,13,2,0
20171117,Bahrain,13,3,0
20171117,Saudi Arabia,13,5,0
20171119,South Africa,13,1,0
20171120,Russia,13,3,0
20171121,Switzerland,13,0,0
20171123,Poland,13,2,0
20171126,Russia,13,1,0
20171127,Saudi Arabia,13,5,0
20171127,Turkey,13,1,0
20171128,Martinique,13,1,0
20171129,United Arab Emirates,13,3,0
20171201,Switzerland,13,1,0
20171201,South Africa,13,1,0
20171204,(not set),13,1,0
20171205,Paraguay,13,1,0
20171206,South Africa,13,2,0
20171209,Saudi Arabia,13,3,0
20171211,Netherlands,13,4,1
20171212,Ukraine,13,1,0
20171213,Belgium,13,3,1
20171214,Greece,13,1,0
20171215,Netherlands,13,2,1
20171117,Russia,12,1,0
20171119,Belgium,12,0,0
20171119,Switzerland,12,1,0
20171120,Switzerland,12,5,0
20171123,Switzerland,12,1,0
20171123,Paraguay,12,0,0
20171124,Portugal,12,3,0
20171124,South Africa,12,0,0
20171126,Hungary,12,2,0
20171126,Indonesia,12,1,0
20171127,Poland,12,0,0
20171127,Russia,12,4,0
20171129,Indonesia,12,2,0
20171201,Belgium,12,3,2
20171201,Netherlands,12,2,0
20171201,Peru,12,0,0
20171201,Poland,12,2,0
20171201,Turkey,12,0,0
20171202,Martinique,12,0,0
20171202,Puerto Rico,12,0,0
20171202,Russia,12,2,0
20171203,Martinique,12,1,0
20171203,Thailand,12,1,0
20171203,Turkey,12,4,0
20171204,Netherlands,12,2,0
20171205,Peru,12,1,0
20171207,Martinique,12,3,0
20171207,Netherlands,12,0,0
20171207,Thailand,12,1,0
20171208,South Africa,12,0,0
20171209,Dominican Republic,12,0,0
20171209,South Africa,12,1,0
20171210,Indonesia,12,4,0
20171210,New Caledonia,12,0,0
20171211,Belgium,12,1,0
20171212,Russia,12,3,0
20171214,Poland,12,1,0
20171214,Portugal,12,3,0
20171214,Russia,12,1,0
20171214,Thailand,12,4,0
20171214,South Africa,12,0,0
20171215,Russia,12,2,0
20171215,Thailand,12,6,0
20171116,Belgium,11,0,0
20171116,Russia,11,2,0
20171116,Thailand,11,1,0
20171118,South Africa,11,1,0
20171119,Croatia,11,4,0
20171119,Indonesia,11,4,0
20171120,Philippines,11,3,0
20171121,Belgium,11,2,0
20171121,Poland,11,1,0
20171121,Russia,11,1,0
20171121,Thailand,11,2,0
20171122,Saudi Arabia,11,2,0
20171123,South Africa,11,1,0
20171125,Poland,11,0,0
20171125,Portugal,11,3,0
20171127,Greece,11,0,0
20171127,Hungary,11,1,0
20171128,Netherlands,11,3,0
20171128,South Africa,11,1,0
20171129,Portugal,11,1,0
20171130,Belgium,11,1,0
20171130,Thailand,11,0,0
20171201,Hungary,11,1,0
20171201,Puerto Rico,11,0,0
20171201,Saudi Arabia,11,4,0
20171202,Portugal,11,1,0
20171202,South Africa,11,3,0
20171204,Belgium,11,2,0
20171204,Saudi Arabia,11,1,0
20171205,Belgium,11,1,0
20171205,India,11,1,0
20171205,Martinique,11,1,0
20171206,United Arab Emirates,11,5,1
20171206,Russia,11,4,0
20171206,Ukraine,11,3,0
20171208,Thailand,11,0,0
20171209,Indonesia,11,1,0
20171209,Malaysia,11,2,0
20171210,Uruguay,11,0,0
20171212,Austria,11,2,1
20171212,Puerto Rico,11,0,0
20171213,Puerto Rico,11,1,0
20171214,Puerto Rico,11,0,0
20171214,Uruguay,11,0,0
20171117,Switzerland,10,0,0
20171118,United Arab Emirates,10,2,0
20171118,Indonesia,10,0,0
20171120,Costa Rica,10,4,0
20171120,India,10,1,0
20171120,South Korea,10,1,0
20171120,Thailand,10,1,0
20171121,Denmark,10,2,0
20171121,Cayman Islands,10,2,0
20171122,Austria,10,1,1
20171123,United Arab Emirates,10,1,0
20171123,Belgium,10,0,0
20171123,Puerto Rico,10,4,1
20171124,Belgium,10,1,0
20171124,Switzerland,10,1,0
20171124,Netherlands,10,1,0
20171124,Puerto Rico,10,1,0
20171124,Thailand,10,6,1
20171125,Greece,10,0,0
20171125,Hungary,10,2,0
20171125,Saudi Arabia,10,4,0
20171127,Indonesia,10,2,0
20171128,Hungary,10,5,0
20171128,India,10,0,0
20171128,South Korea,10,2,0
20171129,Thailand,10,2,0
20171129,South Africa,10,0,0
20171130,Indonesia,10,1,0
20171130,India,10,1,0
20171201,Denmark,10,1,0
20171201,Qatar,10,0,0
20171202,Belgium,10,2,0
20171202,Netherlands,10,0,0
20171202,Turkey,10,1,0
20171203,Netherlands,10,2,0
20171203,Peru,10,0,0
20171203,Paraguay,10,1,1
20171204,Portugal,10,0,0
20171204,South Africa,10,2,0
20171205,Denmark,10,5,0
20171205,Hong Kong,10,0,0
20171206,Indonesia,10,2,0
20171207,Austria,10,0,0
20171207,India,10,1,0
20171208,Dominican Republic,10,1,0
20171208,Martinique,10,2,0
20171208,Russia,10,0,0
20171209,Czechia,10,3,1
20171210,Austria,10,0,0
20171210,Puerto Rico,10,0,0
20171211,Saudi Arabia,10,3,0
20171212,Curaçao,10,3,0
20171212,South Korea,10,4,1
20171213,Guatemala,10,2,0
20171213,India,10,2,0
20171214,Austria,10,5,0
20171214,Netherlands,10,1,0
20171116,Switzerland,9,1,0
20171116,India,9,0,0
20171116,Poland,9,0,0
20171116,Portugal,9,1,0
20171116,South Africa,9,2,0
20171117,Hungary,9,2,0
20171118,Denmark,9,6,0
20171119,Bahrain,9,3,0
20171119,Portugal,9,0,0
20171119,Qatar,9,2,0
20171119,Thailand,9,3,0
20171121,Puerto Rico,9,1,0
20171122,Maldives,9,1,0
20171123,Costa Rica,9,2,0
20171123,Indonesia,9,4,0
20171124,Bulgaria,9,1,0
20171124,Poland,9,2,0
20171125,Netherlands,9,2,0
20171125,Panama,9,4,0
20171125,Venezuela,9,2,0
20171126,Curaçao,9,6,0
20171126,Maldives,9,4,0
20171127,Denmark,9,0,0
20171127,Philippines,9,1,0
20171128,Indonesia,9,3,0
20171130,Slovenia,9,2,0
20171130,Ukraine,9,0,0
20171201,Martinique,9,1,1
20171202,Curaçao,9,2,0
20171202,Qatar,9,1,0
20171203,Switzerland,9,1,0
20171203,New Caledonia,9,0,0
20171203,Philippines,9,1,0
20171204,Egypt,9,3,0
20171204,Indonesia,9,1,0
20171205,United Arab Emirates,9,0,0
20171205,New Caledonia,9,1,0
20171205,Thailand,9,2,0
20171206,Puerto Rico,9,1,1
20171206,Paraguay,9,1,0
20171207,Greece,9,1,0
20171207,Poland,9,2,0
20171208,Malaysia,9,3,0
20171209,Belgium,9,0,0
20171209,Greece,9,1,0
20171209,Paraguay,9,0,0
20171210,Curaçao,9,1,0
20171210,Portugal,9,1,0
20171210,Russia,9,3,0
20171211,Curaçao,9,4,0
20171211,Guatemala,9,0,0
20171211,Martinique,9,2,0
20171212,United Arab Emirates,9,1,0
20171215,Belgium,9,1,0
20171215,Switzerland,9,2,0
20171215,Dominican Republic,9,1,0
20171215,Uruguay,9,2,1
20171116,Denmark,8,2,0
20171116,Philippines,8,1,0
20171116,Slovenia,8,2,0
20171117,Belgium,8,0,0
20171117,Martinique,8,1,0
20171117,Malaysia,8,1,0
20171117,Poland,8,1,0
20171118,Bahrain,8,1,0
20171118,Hungary,8,2,0
20171118,Thailand,8,0,0
20171119,Austria,8,0,0
20171119,Puerto Rico,8,0,0
20171120,Bahrain,8,3,0
20171120,Israel,8,0,0
20171120,Poland,8,2,0
20171120,Puerto Rico,8,0,0
20171120,Tunisia,8,2,0
20171120,South Africa,8,1,0
20171121,Israel,8,2,0
20171121,Malaysia,8,2,0
20171121,Turkey,8,3,0
20171122,United Arab Emirates,8,1,0
20171122,Hungary,8,0,0
20171122,Martinique,8,1,0
20171122,(not set),8,0,0
20171123,Austria,8,1,0
20171123,Ecuador,8,2,0
20171124,Austria,8,1,0
20171124,Indonesia,8,1,0
20171125,Uruguay,8,3,1
20171126,United Arab Emirates,8,1,0
20171126,Switzerland,8,1,0
20171126,Iran,8,3,0
20171126,Qatar,8,5,0
20171126,Serbia,8,2,0
20171127,Austria,8,1,0
20171127,(not set),8,1,0
20171128,United Arab Emirates,8,1,0
20171128,Austria,8,2,0
20171128,Hong Kong,8,0,0
20171128,Portugal,8,0,0
20171128,(not set),8,2,0
20171129,Austria,8,0,0
20171129,French Polynesia,8,2,0
20171130,Switzerland,8,1,0
20171130,Paraguay,8,1,0
20171201,India,8,1,0
20171201,Singapore,8,1,0
20171202,Bulgaria,8,0,0
20171202,Switzerland,8,0,0
20171202,Greece,8,3,0
20171202,Philippines,8,1,0
20171203,Costa Rica,8,1,0
20171203,Curaçao,8,2,0
20171203,Qatar,8,2,0
20171204,Curaçao,8,0,0
20171204,Dominican Republic,8,0,0
20171204,India,8,0,0
20171204,Martinique,8,0,0
20171204,New Caledonia,8,0,0
20171205,Bahamas,8,1,0
20171205,Dominican Republic,8,1,0
20171205,Philippines,8,0,0
20171205,Saudi Arabia,8,1,0
20171206,Croatia,8,1,0
20171206,Portugal,8,1,0
20171207,South Africa,8,3,0
20171208,United Arab Emirates,8,1,0
20171208,Switzerland,8,0,0
20171208,Puerto Rico,8,0,0
20171208,Ukraine,8,2,0
20171209,Portugal,8,2,0
20171209,Russia,8,1,0
20171209,Uruguay,8,0,0
20171210,Belgium,8,0,0
20171210,Hungary,8,1,0
20171210,Ukraine,8,3,0
20171211,Greece,8,0,0
20171212,Greece,8,1,0
20171212,Indonesia,8,3,1
20171212,Kuwait,8,3,0
20171212,Paraguay,8,5,0
20171212,Saudi Arabia,8,0,0
20171213,Dominican Republic,8,0,0
20171213,Philippines,8,0,0
20171213,Paraguay,8,0,0
20171213,Saudi Arabia,8,0,0
20171214,Curaçao,8,2,0
20171215,Curaçao,8,3,0
20171215,Greece,8,1,0
20171215,Poland,8,0,0
20171215,Ukraine,8,0,0
20171116,Croatia,7,0,0
20171116,Saudi Arabia,7,4,0
20171116,Turkey,7,5,0
20171117,Austria,7,1,1
20171117,Denmark,7,2,0
20171117,India,7,0,0
20171117,Portugal,7,1,0
20171117,(not set),7,1,0
20171118,South Korea,7,0,0
20171118,Qatar,7,1,0
20171119,Morocco,7,2,0
20171119,New Caledonia,7,0,0
20171119,French Polynesia,7,0,0
20171119,Philippines,7,0,0
20171120,United Arab Emirates,7,1,0
20171120,Czechia,7,0,0
20171120,Estonia,7,1,0
20171120,Indonesia,7,2,0
20171120,Portugal,7,2,0
20171120,Singapore,7,0,0
20171120,Turkey,7,1,0
20171121,United Arab Emirates,7,0,0
20171121,Côte d’Ivoire,7,0,0
20171121,Czechia,7,0,0
20171121,Paraguay,7,0,0
20171121,Syria,7,0,0
20171121,(not set),7,1,1
20171122,Bulgaria,7,2,0
20171122,Ireland,7,0,0
20171122,Paraguay,7,0,0
20171123,Croatia,7,2,0
20171123,Hungary,7,2,0
20171123,Turkey,7,1,0
20171123,(not set),7,0,0
20171124,Greece,7,1,0
20171124,French Polynesia,7,2,0
20171124,Saudi Arabia,7,0,0
20171125,Austria,7,1,0
20171125,Puerto Rico,7,0,0
20171125,Thailand,7,0,0
20171125,South Africa,7,0,0
20171126,Paraguay,7,1,0
20171126,Thailand,7,1,0
20171127,Bahamas,7,2,0
20171127,Switzerland,7,3,1
20171127,Hong Kong,7,2,0
20171127,Iran,7,3,1
20171127,Paraguay,7,1,0
20171127,Vietnam,7,0,0
20171128,Bahamas,7,1,0
20171128,Croatia,7,1,0
20171129,Hong Kong,7,1,0
20171129,New Caledonia,7,0,0
20171129,Puerto Rico,7,0,0
20171129,Taiwan,7,0,0
20171129,(not set),7,1,0
20171130,United Arab Emirates,7,1,0
20171130,Bulgaria,7,0,0
20171130,Hungary,7,1,0
20171130,Philippines,7,0,0
20171201,Czechia,7,4,0
20171201,Philippines,7,2,0
20171201,Portugal,7,2,1
20171202,Côte d’Ivoire,7,2,0
20171202,Croatia,7,2,0
20171202,Indonesia,7,2,0
20171202,Panama,7,1,0
20171202,Uruguay,7,0,0
20171203,United Arab Emirates,7,0,0
20171203,Austria,7,0,0
20171203,Dominican Republic,7,0,0
20171203,Greece,7,1,0
20171203,Uruguay,7,1,1
20171204,Uruguay,7,0,0
20171205,Poland,7,3,0
20171206,Denmark,7,1,0
20171206,Dominican Republic,7,0,0
20171206,Hong Kong,7,2,0
20171206,Hungary,7,3,0
20171206,Malaysia,7,1,0
20171206,Poland,7,1,0
20171207,South Korea,7,0,0
20171207,Malaysia,7,0,0
20171207,Saudi Arabia,7,1,0
20171207,(not set),7,1,0
20171208,Belgium,7,0,0
20171208,Greece,7,1,0
20171209,Martinique,7,3,0
20171209,Netherlands,7,0,0
20171210,Dominican Republic,7,0,0
20171210,Martinique,7,1,0
20171210,Suriname,7,4,1
20171211,Israel,7,2,0
20171211,Morocco,7,1,0
20171211,Poland,7,2,0
20171211,Turkey,7,1,0
20171212,Estonia,7,0,0
20171212,Poland,7,0,0
20171212,Portugal,7,1,0
20171213,Austria,7,1,0
20171213,Bulgaria,7,1,0
20171213,Switzerland,7,1,0
20171213,Denmark,7,1,0
20171213,Indonesia,7,0,0
20171213,Martinique,7,1,1
20171213,Poland,7,2,0
20171213,Portugal,7,2,0
20171213,Uruguay,7,0,0
20171213,(not set),7,0,0
20171214,United Arab Emirates,7,0,0
20171214,Switzerland,7,0,0
20171214,Dominican Republic,7,0,0
20171214,Ireland,7,2,0
20171214,India,7,0,0
20171214,Slovenia,7,3,0
20171215,Martinique,7,1,0
20171215,Malaysia,7,0,0
20171215,Saudi Arabia,7,2,0
20171215,Turkey,7,1,0
20171116,Bulgaria,6,0,0
20171116,Malaysia,6,2,0
20171116,Paraguay,6,0,0
20171116,Tunisia,6,2,0
20171117,United Arab Emirates,6,1,0
20171117,Croatia,6,0,0
20171117,Slovenia,6,0,0
20171117,Ukraine,6,2,0
20171118,Switzerland,6,1,0
20171118,Poland,6,2,0
20171118,Tunisia,6,2,0
20171118,Turkey,6,1,0
20171119,United Arab Emirates,6,3,0
20171119,Curaçao,6,1,0
20171119,Denmark,6,1,0
20171119,Egypt,6,1,0
20171119,Greece,6,1,0
20171120,Bahamas,6,0,0
20171120,Curaçao,6,1,0
20171120,Greece,6,0,0
20171120,Maldives,6,0,0
20171120,Malaysia,6,1,0
20171120,French Polynesia,6,0,0
20171120,Venezuela,6,2,0
20171121,Austria,6,1,0
20171121,Bahrain,6,3,0
20171121,Hungary,6,0,0
20171121,Mauritius,6,0,0
20171121,New Caledonia,6,0,0
20171121,Philippines,6,0,0
20171122,Puerto Rico,6,0,0
20171122,Suriname,6,0,0
20171122,Turkey,6,1,0
20171123,Denmark,6,2,0
20171123,Iran,6,2,0
20171123,Qatar,6,2,0
20171125,Bahamas,6,1,0
20171125,Denmark,6,3,0
20171125,Indonesia,6,2,0
20171125,Israel,6,4,0
20171125,Iran,6,3,0
20171125,Philippines,6,2,0
20171126,Austria,6,2,0
20171126,Bulgaria,6,0,0
20171126,Greece,6,1,0
20171126,Israel,6,0,0
20171126,Philippines,6,3,0
20171126,Slovakia,6,0,0
20171126,(not set),6,1,0
20171127,Angola,6,4,0
20171127,Curaçao,6,1,0
20171127,Israel,6,1,0
20171127,South Korea,6,3,0
20171127,Panama,6,1,0
20171127,Singapore,6,1,0
20171127,Slovenia,6,2,0
20171127,Suriname,6,0,0
20171127,Ukraine,6,2,0
20171128,Angola,6,0,0
20171128,Guadeloupe,6,0,0
20171128,Israel,6,1,0
20171128,Malaysia,6,0,0
20171128,Paraguay,6,0,0
20171128,Taiwan,6,1,0
20171129,Bulgaria,6,2,0
20171129,India,6,1,0
20171129,Malaysia,6,2,0
20171129,Philippines,6,0,0
20171129,Slovenia,6,1,0
20171129,Turkey,6,3,0
20171130,Czechia,6,2,0
20171130,Dominican Republic,6,0,0
20171130,Greece,6,1,0
20171130,New Caledonia,6,2,0
20171130,Panama,6,1,0
20171130,Poland,6,1,0
20171130,Puerto Rico,6,0,0
20171201,Paraguay,6,0,0
20171203,Côte d’Ivoire,6,0,0
20171203,Hong Kong,6,1,0
20171203,Croatia,6,0,0
20171203,French Polynesia,6,0,0
20171204,United Arab Emirates,6,1,0
20171204,Bahrain,6,0,0
20171204,Costa Rica,6,1,0
20171204,Hong Kong,6,1,0
20171204,Poland,6,0,0
20171204,Qatar,6,0,0
20171205,Algeria,6,0,0
20171205,Portugal,6,1,0
20171206,Czechia,6,2,0
20171207,Bulgaria,6,3,0
20171207,Dominican Republic,6,2,0
20171207,Peru,6,0,0
20171208,Portugal,6,2,0
20171208,Paraguay,6,1,0
20171208,Saudi Arabia,6,0,0
20171209,Austria,6,0,0
20171209,Ecuador,6,0,0
20171209,Hungary,6,3,0
20171209,India,6,0,0
20171209,Kuwait,6,4,0
20171209,Malta,6,1,0
20171209,Poland,6,0,0
20171209,Ukraine,6,0,0
20171210,Greece,6,2,0
20171211,Bulgaria,6,1,0
20171211,Hungary,6,0,0
20171211,Indonesia,6,0,0
20171211,India,6,0,0
20171211,New Caledonia,6,1,0
20171212,Switzerland,6,1,0
20171212,Hungary,6,3,1
20171212,Ireland,6,2,0
20171212,Uruguay,6,0,0
20171213,Côte d’Ivoire,6,1,0
20171213,Greece,6,1,0
20171213,Netherlands,6,1,0
20171214,New Caledonia,6,0,0
20171214,Paraguay,6,0,0
20171214,Saudi Arabia,6,1,0
20171214,Turkey,6,0,0
20171215,India,6,0,0
20171215,Portugal,6,1,0
20171215,Serbia,6,1,0
20171116,Côte d’Ivoire,5,1,0
20171116,Estonia,5,1,0
20171116,Ireland,5,0,0
20171116,South Korea,5,0,0
20171116,Panama,5,0,0
20171116,Qatar,5,1,0
20171116,(not set),5,1,0
20171117,Cyprus,5,2,0
20171117,Greece,5,0,0
20171117,Indonesia,5,0,0
20171117,South Korea,5,1,0
20171117,Puerto Rico,5,2,0
20171117,Qatar,5,2,0
20171117,Turkey,5,1,0
20171118,Greece,5,0,0
20171118,Morocco,5,1,0
20171118,New Caledonia,5,0,0
20171118,Panama,5,1,0
20171118,Puerto Rico,5,0,0
20171119,Caribbean Netherlands,5,2,0
20171119,Ireland,5,2,0
20171119,Israel,5,0,0
20171119,Singapore,5,1,0
20171119,Sint Maarten,5,3,0
20171119,Venezuela,5,0,0
20171119,(not set),5,2,1
20171120,Denmark,5,1,0
20171120,Hong Kong,5,3,0
20171120,Croatia,5,0,0
20171120,Ireland,5,1,0
20171120,Kuwait,5,0,0
20171120,Qatar,5,2,0
20171120,Vietnam,5,1,0
20171120,(not set),5,0,0
20171121,Bulgaria,5,1,0
20171121,Bahamas,5,2,0
20171121,Guadeloupe,5,1,0
20171121,Hong Kong,5,1,0
20171121,Croatia,5,0,0
20171121,Indonesia,5,3,0
20171121,South Korea,5,0,0
20171121,Maldives,5,3,0
20171121,Qatar,5,1,0
20171121,Serbia,5,0,0
20171121,Singapore,5,2,0
20171121,Vietnam,5,0,0
20171122,Greece,5,1,0
20171122,Indonesia,5,1,0
20171122,Malta,5,1,0
20171122,Portugal,5,1,0
20171122,Réunion,5,1,0
20171122,Romania,5,1,0
20171122,Slovenia,5,0,0
20171123,Czechia,5,1,0
20171123,Malaysia,5,0,0
20171123,Peru,5,0,0
20171123,Saudi Arabia,5,0,0
20171123,Thailand,5,0,0
20171124,Bahamas,5,0,0
20171124,Algeria,5,0,0
20171124,Hungary,5,2,0
20171124,Iran,5,2,0
20171124,Philippines,5,0,0
20171124,Paraguay,5,2,1
20171124,Turkey,5,0,0
20171124,Ukraine,5,1,0
20171125,Malaysia,5,1,0
20171125,Qatar,5,1,0
20171125,Russia,5,0,0
20171125,Ukraine,5,1,0
20171126,Algeria,5,0,0
20171126,India,5,1,0
20171126,South Korea,5,1,0
20171126,Réunion,5,0,0
20171127,Costa Rica,5,0,0
20171127,Czechia,5,1,0
20171127,Maldives,5,0,0
20171127,Puerto Rico,5,0,0
20171127,Romania,5,1,0
20171127,Serbia,5,1,0
20171128,Costa Rica,5,0,0
20171128,Czechia,5,2,0
20171129,Angola,5,3,0
20171129,Bahrain,5,3,0
20171129,Greece,5,2,0
20171129,Croatia,5,2,0
20171129,Martinique,5,0,0
20171129,Poland,5,1,0
20171129,Qatar,5,0,0
20171130,Bahamas,5,0,0
20171130,Costa Rica,5,1,0
20171130,Estonia,5,2,0
20171130,Croatia,5,1,0
20171130,Maldives,5,2,1
20171130,Malaysia,5,0,0
20171130,Portugal,5,2,0
20171130,Romania,5,0,0
20171130,Taiwan,5,0,0
20171130,Uruguay,5,4,3
20171130,South Africa,5,0,0
20171201,United Arab Emirates,5,1,0
20171201,Greece,5,2,0
20171201,Croatia,5,1,0
20171201,Israel,5,0,0
20171201,Slovenia,5,1,0
20171201,Thailand,5,0,0
20171201,Ukraine,5,1,0
20171201,Uruguay,5,1,0
20171202,Denmark,5,2,0
20171202,Hong Kong,5,0,0
20171202,Venezuela,5,0,0
20171203,Ireland,5,1,0
20171203,Kuwait,5,0,0
20171203,Singapore,5,1,0
20171203,(not set),5,0,0
20171204,Côte d’Ivoire,5,2,0
20171204,Guadeloupe,5,0,0
20171204,Ireland,5,3,0
20171204,Malaysia,5,1,0
20171204,Romania,5,0,0
20171205,Austria,5,1,0
20171205,Côte d’Ivoire,5,3,0
20171205,Egypt,5,1,0
20171205,Greece,5,2,0
20171205,Singapore,5,1,0
20171205,(not set),5,0,0
20171206,Austria,5,1,0
20171206,Côte d’Ivoire,5,1,0
20171206,Singapore,5,1,1
20171207,Czechia,5,0,0
20171207,Guatemala,5,1,0
20171207,Indonesia,5,2,0
20171207,Israel,5,1,0
20171207,Kuwait,5,4,0
20171207,Philippines,5,0,0
20171207,Slovenia,5,3,0
20171207,Turkey,5,1,0
20171207,Ukraine,5,0,0
20171207,Uruguay,5,0,0
20171207,Venezuela,5,1,0
20171208,Bahamas,5,1,0
20171208,Czechia,5,1,0
20171208,Denmark,5,1,0
20171208,Hungary,5,1,0
20171208,India,5,1,0
20171208,New Caledonia,5,0,0
20171209,Bahamas,5,0,0
20171209,Egypt,5,1,0
20171209,Croatia,5,0,0
20171209,Haiti,5,0,0
20171209,South Korea,5,2,0
20171209,Thailand,5,1,0
20171209,(not set),5,0,0
20171210,Czechia,5,1,0
20171210,Egypt,5,1,0
20171210,Kuwait,5,1,0
20171210,Malaysia,5,0,0
20171210,Turkey,5,2,0
20171210,(not set),5,0,0
20171211,United Arab Emirates,5,1,0
20171211,Bahamas,5,0,0
20171211,Costa Rica,5,1,0
20171211,Denmark,5,1,0
20171211,Dominican Republic,5,0,0
20171211,Hong Kong,5,1,0
20171211,Croatia,5,1,0
20171211,Cambodia,5,1,0
20171211,Slovenia,5,2,0
20171211,(not set),5,0,0
20171212,Côte d’Ivoire,5,0,0
20171212,Ecuador,5,0,0
20171212,Croatia,5,1,0
20171212,Latvia,5,0,0
20171212,Monaco,5,4,0
20171212,Qatar,5,0,0
20171212,Venezuela,5,0,0
20171214,Bulgaria,5,3,0
20171214,Denmark,5,1,0
20171214,South Korea,5,0,0
20171214,Madagascar,5,0,0
20171214,Romania,5,0,0
20171214,Tunisia,5,1,0
20171214,(not set),5,0,0
20171215,Denmark,5,0,0
20171215,Croatia,5,0,0
20171215,Hungary,5,0,0
20171215,South Korea,5,0,0
20171215,Panama,5,3,0
20171215,(not set),5,0,0
20171116,Bahrain,4,2,0
20171116,Ecuador,4,0,0
20171116,Hong Kong,4,1,0
20171116,Hungary,4,2,0
20171116,Israel,4,0,0
20171116,New Caledonia,4,0,0
20171116,Puerto Rico,4,0,0
20171116,Romania,4,1,0
20171116,Singapore,4,0,0
20171116,Suriname,4,1,0
20171117,New Caledonia,4,0,0
20171117,Paraguay,4,0,0
20171117,Romania,4,0,0
20171117,Serbia,4,1,0
20171117,Syria,4,0,0
20171117,Uruguay,4,0,0
20171118,Bulgaria,4,2,0
20171118,Guam,4,1,0
20171118,Croatia,4,1,0
20171118,Ireland,4,1,0
20171118,Israel,4,2,0
20171118,Cayman Islands,4,1,0
20171118,Philippines,4,0,0
20171118,Portugal,4,0,0
20171118,Paraguay,4,0,0
20171118,Ukraine,4,0,0
20171119,Costa Rica,4,1,0
20171119,India,4,0,0
20171119,Maldives,4,1,0
20171119,Paraguay,4,0,0
20171119,Serbia,4,0,0
20171119,Slovenia,4,0,0
20171119,Slovakia,4,2,0
20171119,Turkey,4,0,0
20171119,Uruguay,4,0,0
20171120,Egypt,4,1,0
20171120,French Guiana,4,0,0
20171120,Sri Lanka,4,1,0
20171120,Morocco,4,1,0
20171120,Martinique,4,0,0
20171120,Malta,4,0,0
20171120,New Caledonia,4,0,0
20171120,Oman,4,0,0
20171120,Panama,4,1,0
20171120,Taiwan,4,0,0
20171121,Costa Rica,4,0,0
20171121,Ecuador,4,0,0
20171121,Greece,4,1,0
20171121,Kuwait,4,0,0
20171121,Malta,4,3,0
20171121,Panama,4,1,0
20171121,French Polynesia,4,0,0
20171121,Uruguay,4,0,0
20171122,Denmark,4,0,0
20171122,Egypt,4,0,0
20171122,Hong Kong,4,1,0
20171122,Kuwait,4,0,0
20171122,Philippines,4,0,0
20171122,Poland,4,0,0
20171122,Ukraine,4,0,0
20171123,Bahrain,4,1,0
20171123,Algeria,4,1,0
20171123,Greece,4,0,0
20171123,Israel,4,1,0
20171123,Cambodia,4,1,0
20171123,South Korea,4,1,0
20171123,Monaco,4,1,0
20171123,Martinique,4,0,0
20171123,New Caledonia,4,0,0
20171123,Philippines,4,0,0
20171123,Slovenia,4,2,0
20171123,Taiwan,4,0,0
20171123,Ukraine,4,0,0
20171124,United Arab Emirates,4,2,0
20171124,Costa Rica,4,1,0
20171124,Denmark,4,1,0
20171124,Estonia,4,1,0
20171124,Martinique,4,1,0
20171124,Mauritius,4,0,0
20171124,(not set),4,1,0
20171125,United Arab Emirates,4,1,0
20171125,Switzerland,4,0,0
20171125,Czechia,4,1,0
20171125,Estonia,4,1,0
20171125,Guatemala,4,0,0
20171125,Slovenia,4,1,0
20171126,Bahamas,4,2,0
20171126,Costa Rica,4,0,0
20171126,Denmark,4,0,0
20171126,Egypt,4,1,0
20171126,Guatemala,4,0,0
20171126,Morocco,4,0,0
20171126,Oman,4,2,0
20171126,Peru,4,2,1
20171126,Puerto Rico,4,0,0
20171126,Turkey,4,0,0
20171126,Venezuela,4,0,0
20171127,Guadeloupe,4,4,2
20171127,Malaysia,4,0,0
20171127,Qatar,4,1,0
20171127,Seychelles,4,4,0
20171127,Tunisia,4,0,0
20171127,Venezuela,4,0,0
20171128,Switzerland,4,1,0
20171128,Denmark,4,0,0
20171128,Algeria,4,0,0
20171128,Egypt,4,3,0
20171128,Iran,4,1,0
20171128,Morocco,4,0,0
20171128,St. Martin,4,2,0
20171128,Malta,4,0,0
20171128,Panama,4,2,1
20171128,Peru,4,0,0
20171128,Romania,4,1,0
20171128,Turkey,4,1,0
20171129,Fiji,4,3,1
20171129,Kenya,4,0,0
20171129,Seychelles,4,0,0
20171130,Guatemala,4,0,0
20171130,Peru,4,0,0
20171201,Bulgaria,4,0,0
20171201,Bahamas,4,1,0
20171201,Guatemala,4,0,0
20171201,Indonesia,4,0,0
20171201,(not set),4,0,0
20171202,Costa Rica,4,0,0
20171202,Czechia,4,2,0
20171202,Israel,4,2,0
20171202,South Korea,4,1,0
20171202,Kuwait,4,1,0
20171202,Lithuania,4,1,0
20171202,Poland,4,0,0
20171202,Slovenia,4,0,0
20171203,Denmark,4,2,0
20171203,Hungary,4,1,0
20171203,Israel,4,1,0
20171203,India,4,0,0
20171203,Morocco,4,2,0
20171203,Madagascar,4,0,0
20171203,Romania,4,1,0
20171203,Ukraine,4,1,0
20171203,Venezuela,4,1,0
20171204,Austria,4,0,0
20171204,Aruba,4,2,0
20171204,Switzerland,4,0,0
20171204,Ecuador,4,1,1
20171204,Israel,4,0,0
20171204,Kuwait,4,3,0
20171204,French Polynesia,4,1,0
20171204,Slovenia,4,2,0
20171204,Ukraine,4,0,0
20171205,Switzerland,4,0,0
20171205,Czechia,4,0,0
20171205,Guatemala,4,1,0
20171205,Kuwait,4,3,0
20171205,Lithuania,4,0,0
20171205,French Polynesia,4,0,0
20171206,Bulgaria,4,2,0
20171206,Curaçao,4,0,0
20171206,Ecuador,4,1,0
20171206,Greece,4,1,0
20171206,Ireland,4,1,0
20171206,Maldives,4,1,0
20171206,Slovenia,4,0,0
20171206,Venezuela,4,0,0
20171206,(not set),4,0,0
20171207,Angola,4,1,0
20171207,Bahamas,4,0,0
20171207,Costa Rica,4,2,0
20171207,Algeria,4,0,0
20171207,Guadeloupe,4,0,0
20171207,Croatia,4,0,0
20171207,Malta,4,0,0
20171207,New Caledonia,4,1,0
20171207,Portugal,4,0,0
20171207,Paraguay,4,0,0
20171207,Qatar,4,2,0
20171207,Serbia,4,3,0
20171208,Aruba,4,0,0
20171208,Curaçao,4,0,0
20171208,Guadeloupe,4,1,0
20171208,Indonesia,4,0,0
20171208,South Korea,4,0,0
20171209,Curaçao,4,0,0
20171209,New Caledonia,4,1,0
20171209,Qatar,4,1,0
20171209,Romania,4,2,0
20171209,Slovenia,4,0,0
20171209,Slovakia,4,0,0
20171210,United Arab Emirates,4,0,0
20171210,Bulgaria,4,2,0
20171210,Cyprus,4,0,0
20171210,Fiji,4,0,0
20171210,Taiwan,4,0,0
20171211,Algeria,4,0,0
20171211,South Korea,4,1,0
20171211,Malaysia,4,0,0
20171211,Panama,4,1,0
20171211,French Polynesia,4,0,0
20171211,Philippines,4,1,0
20171211,Serbia,4,1,0
20171211,Singapore,4,1,1
20171211,Tunisia,4,0,0
20171211,Ukraine,4,0,0
20171211,Uruguay,4,0,0
20171211,Venezuela,4,1,0
20171212,Costa Rica,4,1,0
20171212,Denmark,4,1,0
20171212,Algeria,4,2,1
20171212,Martinique,4,1,0
20171212,Suriname,4,1,0
20171212,(not set),4,0,0
20171213,Bahamas,4,1,0
20171213,Curaçao,4,1,0
20171213,Estonia,4,0,0
20171213,Hong Kong,4,1,0
20171213,Croatia,4,0,0
20171213,Israel,4,0,0
20171213,Morocco,4,2,0
20171213,Qatar,4,0,0
20171214,Egypt,4,1,0
20171214,Croatia,4,1,0
20171214,Hungary,4,0,0
20171214,Maldives,4,2,0
20171214,Malaysia,4,0,0
20171214,Panama,4,1,0
20171215,Bulgaria,4,1,0
20171215,Bahamas,4,1,0
20171215,Estonia,4,1,0
20171215,Ireland,4,0,0
20171215,Paraguay,4,0,0
20171116,United Arab Emirates,3,0,0
20171116,Angola,3,2,0
20171116,Czechia,3,0,0
20171116,Haiti,3,1,0
20171116,Morocco,3,0,0
20171116,Martinique,3,0,0
20171116,Maldives,3,0,0
20171116,Peru,3,0,0
20171116,French Polynesia,3,0,0
20171116,Pakistan,3,0,0
20171116,Serbia,3,0,0
20171116,Slovakia,3,0,0
20171117,Bahamas,3,0,0
20171117,Congo - Brazzaville,3,0,0
20171117,Curaçao,3,0,0
20171117,Guadeloupe,3,1,0
20171117,Hong Kong,3,0,0
20171117,Israel,3,0,0
20171117,Morocco,3,1,1
20171117,Malta,3,3,0
20171117,Oman,3,0,0
20171117,Singapore,3,0,0
20171118,Bahamas,3,0,0
20171118,Egypt,3,1,0
20171118,Martinique,3,0,0
20171118,Malta,3,0,0
20171118,Maldives,3,0,0
20171118,Malaysia,3,0,0
20171118,Venezuela,3,0,0
20171119,Bulgaria,3,2,0
20171119,Czechia,3,1,0
20171119,Estonia,3,0,0
20171119,Hong Kong,3,1,0
20171119,Liechtenstein,3,0,0
20171119,Martinique,3,0,0
20171119,Malta,3,1,0
20171119,Malaysia,3,0,0
20171119,Panama,3,0,0
20171119,Ukraine,3,0,0
20171120,Albania,3,0,0
20171120,Angola,3,1,0
20171120,Bulgaria,3,2,0
20171120,Haiti,3,1,0
20171120,Jamaica,3,1,0
20171120,Sierra Leone,3,3,0
20171120,Ukraine,3,0,0
20171121,Dominican Republic,3,1,0
20171121,Guatemala,3,0,0
20171121,Ireland,3,1,0
20171121,Lithuania,3,1,0
20171121,Luxembourg,3,0,0
20171121,Martinique,3,1,0
20171121,Oman,3,0,0
20171121,Peru,3,0,0
20171121,Portugal,3,1,0
20171121,Suriname,3,1,0
20171121,Ukraine,3,0,0
20171122,Curaçao,3,3,1
20171122,French Guiana,3,1,0
20171122,Guadeloupe,3,1,0
20171122,Croatia,3,0,0
20171122,Cayman Islands,3,1,0
20171122,Lithuania,3,1,0
20171122,Montenegro,3,1,0
20171122,Madagascar,3,0,0
20171122,Malaysia,3,1,0
20171122,New Caledonia,3,0,0
20171122,Peru,3,0,0
20171122,Qatar,3,0,0
20171122,Singapore,3,0,0
20171123,Aruba,3,0,0
20171123,Bulgaria,3,2,0
20171123,Bahamas,3,0,0
20171123,Côte d’Ivoire,3,1,0
20171123,Cyprus,3,0,0
20171123,Estonia,3,0,0
20171123,Egypt,3,1,0
20171123,Hong Kong,3,0,0
20171123,Cayman Islands,3,0,0
20171123,Malta,3,2,0
20171123,Portugal,3,0,0
20171124,French Guiana,3,0,0
20171124,India,3,0,0
20171124,Jordan,3,0,0
20171124,South Korea,3,0,0
20171124,Lebanon,3,1,0
20171124,Maldives,3,1,0
20171124,Réunion,3,0,0
20171124,Slovenia,3,0,0
20171124,Slovakia,3,1,0
20171124,Taiwan,3,0,0
20171125,Bulgaria,3,0,0
20171125,Bahrain,3,2,0
20171125,India,3,0,0
20171125,Kuwait,3,1,0
20171125,Maldives,3,0,0
20171125,Peru,3,0,0
20171125,Paraguay,3,3,0
20171125,Slovakia,3,0,0
20171125,Turks & Caicos Islands,3,1,0
20171126,Cyprus,3,1,0
20171126,Guam,3,0,0
20171126,Lebanon,3,0,0
20171126,Lithuania,3,0,0
20171126,Singapore,3,1,0
20171126,Suriname,3,1,0
20171126,Ukraine,3,1,0
20171127,Aruba,3,2,0
20171127,Belarus,3,0,0
20171127,Côte d’Ivoire,3,1,0
20171127,Egypt,3,1,0
20171127,Ireland,3,0,0
20171127,Malta,3,0,0
20171127,Mauritius,3,0,0
20171127,Uruguay,3,0,0
20171128,Guatemala,3,0,0
20171128,Kuwait,3,2,0
20171128,Oman,3,0,0
20171128,Philippines,3,1,1
20171128,Venezuela,3,0,0
20171129,Curaçao,3,1,0
20171129,Cyprus,3,0,0
20171129,Czechia,3,0,0
20171129,Dominican Republic,3,1,0
20171129,Estonia,3,2,0
20171129,Guatemala,3,0,0
20171129,Israel,3,0,0
20171129,Cambodia,3,1,0
20171129,South Korea,3,0,0
20171129,Lithuania,3,1,0
20171129,Malawi,3,0,0
20171129,Panama,3,1,0
20171129,Peru,3,0,0
20171129,Slovakia,3,0,0
20171129,Suriname,3,0,0
20171130,Curaçao,3,1,0
20171130,Cyprus,3,2,0
20171130,Algeria,3,0,0
20171130,Ecuador,3,0,0
20171130,Israel,3,2,0
20171130,Iran,3,1,0
20171130,South Korea,3,0,0
20171130,Kuwait,3,1,0
20171130,Kazakhstan,3,0,0
20171130,Martinique,3,0,0
20171130,French Polynesia,3,0,0
20171130,Qatar,3,0,0
20171130,Sudan,3,2,0
20171130,Turkey,3,1,0
20171201,Kuwait,3,1,0
20171201,Monaco,3,0,0
20171201,Malta,3,2,0
20171201,French Polynesia,3,1,0
20171201,Syria,3,0,0
20171201,Taiwan,3,0,0
20171202,Bangladesh,3,1,0
20171202,Benin,3,1,0
20171202,Bahamas,3,0,0
20171202,Cyprus,3,1,0
20171202,Ecuador,3,0,0
20171202,Estonia,3,0,0
20171202,Morocco,3,0,0
20171202,Romania,3,0,0
20171202,Ukraine,3,0,0
20171202,Vietnam,3,1,0
20171203,Bahrain,3,1,0
20171203,Ecuador,3,0,0
20171203,Egypt,3,1,0
20171203,Gabon,3,0,0
20171203,Guatemala,3,2,0
20171203,Jamaica,3,0,0
20171203,Lithuania,3,1,0
20171203,Portugal,3,0,0
20171203,Taiwan,3,0,0
20171204,Bulgaria,3,1,0
20171204,Denmark,3,1,0
20171204,Greece,3,0,0
20171204,Croatia,3,0,0
20171204,Haiti,3,1,0
20171204,Iran,3,0,0
20171204,South Korea,3,0,0
20171204,Morocco,3,3,0
20171204,Serbia,3,0,0
20171204,Venezuela,3,1,0
20171205,Albania,3,1,0
20171205,Aruba,3,0,0
20171205,Bulgaria,3,0,0
20171205,Ecuador,3,0,0
20171205,Croatia,3,1,0
20171205,Hungary,3,2,0
20171205,South Korea,3,1,0
20171205,Cayman Islands,3,1,0
20171205,Maldives,3,0,0
20171205,Réunion,3,0,0
20171205,Slovenia,3,0,0
20171205,Turkey,3,1,1
20171205,Uruguay,3,0,0
20171205,Venezuela,3,2,0
20171206,Bahamas,3,0,0
20171206,Estonia,3,0,0
20171206,Lebanon,3,0,0
20171206,Morocco,3,1,0
20171206,French Polynesia,3,0,0
20171206,Philippines,3,1,0
20171206,Turkey,3,0,0
20171207,United Arab Emirates,3,1,0
20171207,Antigua & Barbuda,3,3,0
20171207,Switzerland,3,0,0
20171207,Côte d’Ivoire,3,1,0
20171207,Hong Kong,3,1,0
20171207,Ireland,3,0,0
20171207,French Polynesia,3,0,0
20171207,Romania,3,0,0
20171208,Côte d’Ivoire,3,0,0
20171208,Egypt,3,0,0
20171208,Philippines,3,0,0
20171208,Poland,3,1,0
20171208,Serbia,3,1,0
20171208,Uruguay,3,0,0
20171208,(not set),3,2,1
20171209,Cyprus,3,2,0
20171209,Denmark,3,1,0
20171209,Estonia,3,0,0
20171209,Ireland,3,0,0
20171209,Maldives,3,0,0
20171209,Oman,3,0,0
20171210,Costa Rica,3,0,0
20171210,Estonia,3,2,0
20171210,Croatia,3,0,0
20171210,Ireland,3,0,0
20171210,India,3,0,0
20171210,Jordan,3,0,0
20171210,Cayman Islands,3,1,0
20171210,Madagascar,3,0,0
20171210,Slovenia,3,2,0
20171211,Czechia,3,2,0
20171211,Egypt,3,2,0
20171211,Kuwait,3,2,0
20171211,Syria,3,0,0
20171211,Vietnam,3,0,0
20171212,India,3,0,0
20171212,Maldives,3,1,0
20171212,Malaysia,3,0,0
20171212,Mozambique,3,2,0
20171212,Panama,3,0,0
20171212,Turkey,3,0,0
20171213,Aruba,3,1,0
20171213,Egypt,3,0,0
20171213,Hungary,3,0,0
20171213,Kuwait,3,1,0
20171213,Luxembourg,3,0,0
20171213,Malta,3,0,0
20171213,Maldives,3,1,0
20171213,Mozambique,3,1,1
20171213,New Caledonia,3,0,0
20171213,Panama,3,0,0
20171213,Romania,3,0,0
20171213,Ukraine,3,0,0
20171214,Aruba,3,1,0
20171214,Cyprus,3,0,0
20171214,Ecuador,3,0,0
20171214,Fiji,3,0,0
20171214,Indonesia,3,1,0
20171214,Israel,3,0,0
20171214,Martinique,3,0,0
20171214,Philippines,3,0,0
20171214,Qatar,3,0,0
20171214,Singapore,3,0,0
20171214,Slovakia,3,0,0
20171215,Austria,3,0,0
20171215,Kazakhstan,3,0,0
20171215,Montenegro,3,2,0
20171215,Slovenia,3,0,0
20171215,Venezuela,3,0,0
20171116,Antigua & Barbuda,2,0,0
20171116,Albania,2,1,0
20171116,Bermuda,2,0,0
20171116,Bolivia,2,0,0
20171116,Costa Rica,2,0,0
20171116,Gabon,2,0,0
20171116,French Guiana,2,0,0
20171116,Guatemala,2,0,0
20171116,Kuwait,2,0,0
20171116,Latvia,2,1,0
20171116,Montenegro,2,0,0
20171116,Nigeria,2,0,0
20171116,Nicaragua,2,0,0
20171116,Trinidad & Tobago,2,2,0
20171116,Taiwan,2,0,0
20171117,Aruba,2,0,0
20171117,Bulgaria,2,1,0
20171117,Czechia,2,0,0
20171117,Algeria,2,0,0
20171117,Estonia,2,0,0
20171117,Egypt,2,0,0
20171117,Guam,2,0,0
20171117,Ireland,2,0,0
20171117,Iran,2,1,0
20171117,Jamaica,2,0,0
20171117,Kuwait,2,0,0
20171117,Cayman Islands,2,1,0
20171117,Sri Lanka,2,0,0
20171117,French Polynesia,2,0,0
20171117,Philippines,2,0,0
20171117,Suriname,2,1,0
20171117,Tunisia,2,0,0
20171117,Vietnam,2,1,0
20171117,South Africa,2,0,0
20171118,Angola,2,1,1
20171118,Austria,2,0,0
20171118,Curaçao,2,0,0
20171118,Cyprus,2,0,0
20171118,Czechia,2,1,0
20171118,Dominican Republic,2,0,0
20171118,Algeria,2,0,0
20171118,Estonia,2,1,0
20171118,Hong Kong,2,0,0
20171118,India,2,0,0
20171118,Iraq,2,0,0
20171118,Montenegro,2,0,0
20171118,Mauritius,2,0,0
20171118,Romania,2,1,0
20171118,Singapore,2,1,0
20171118,Slovenia,2,1,0
20171118,Uruguay,2,0,0
20171119,Côte d’Ivoire,2,0,0
20171119,Dominican Republic,2,1,1
20171119,Guadeloupe,2,0,0
20171119,Guatemala,2,0,0
20171119,Honduras,2,0,0
20171119,Iran,2,0,0
20171119,South Korea,2,1,0
20171119,Lithuania,2,0,0
20171119,Moldova,2,0,0
20171119,Mauritius,2,1,0
20171119,Oman,2,0,0
20171119,Peru,2,0,0
20171119,Romania,2,0,0
20171119,Taiwan,2,0,0
20171120,Cape Verde,2,0,0
20171120,Algeria,2,0,0
20171120,Ecuador,2,1,0
20171120,Gabon,2,1,0
20171120,Guatemala,2,0,0
20171120,Hungary,2,0,0
20171120,Iraq,2,0,0
20171120,Iran,2,0,0
20171120,Cambodia,2,0,0
20171120,Cayman Islands,2,0,0
20171120,Laos,2,0,0
20171120,Latvia,2,0,0
20171120,Monaco,2,1,0
20171120,Mauritius,2,0,0
20171120,Peru,2,0,0
20171120,Serbia,2,0,0
20171120,Slovakia,2,0,0
20171120,Suriname,2,0,0
20171121,Bermuda,2,1,0
20171121,Cyprus,2,0,0
20171121,Estonia,2,1,0
20171121,Egypt,2,0,0
20171121,Georgia,2,1,0
20171121,Cambodia,2,0,0
20171121,Sri Lanka,2,1,0
20171121,Pakistan,2,0,0
20171121,Réunion,2,2,0
20171121,Slovakia,2,0,0
20171121,Venezuela,2,0,0
20171122,Antigua & Barbuda,2,0,0
20171122,Aruba,2,1,0
20171122,Bahamas,2,0,0
20171122,Costa Rica,2,1,0
20171122,Czechia,2,0,0
20171122,Guatemala,2,0,0
20171122,Cambodia,2,0,0
20171122,South Korea,2,0,0
20171122,Kazakhstan,2,0,0
20171122,Morocco,2,0,0
20171122,Nigeria,2,0,0
20171122,Panama,2,0,0
20171122,French Polynesia,2,0,0
20171122,Slovakia,2,1,0
20171122,Uruguay,2,0,0
20171122,Zimbabwe,2,2,0
20171123,Gabon,2,2,0
20171123,French Guiana,2,0,0
20171123,Ireland,2,1,0
20171123,Latvia,2,0,0
20171123,Romania,2,0,0
20171123,Serbia,2,0,0
20171123,Singapore,2,0,0
20171123,Vanuatu,2,0,0
20171124,Aruba,2,1,0
20171124,Bahrain,2,1,0
20171124,Bolivia,2,0,0
20171124,Belize,2,0,0
20171124,Curaçao,2,1,0
20171124,Cyprus,2,0,0
20171124,Ecuador,2,1,0
20171124,Fiji,2,0,0
20171124,Hong Kong,2,0,0
20171124,Latvia,2,0,0
20171124,Libya,2,0,0
20171124,Mali,2,0,0
20171124,Malaysia,2,2,1
20171124,New Caledonia,2,1,0
20171124,Oman,2,0,0
20171124,Qatar,2,0,0
20171124,Romania,2,1,0
20171124,Singapore,2,0,0
20171124,Suriname,2,0,0
20171124,Sint Maarten,2,0,0
20171124,Tunisia,2,0,0
20171124,Trinidad & Tobago,2,0,0
20171124,Venezuela,2,1,1
20171125,Albania,2,1,0
20171125,Angola,2,0,0
20171125,Belarus,2,0,0
20171125,Curaçao,2,2,0
20171125,Ecuador,2,1,0
20171125,Egypt,2,1,0
20171125,Croatia,2,0,0
20171125,South Korea,2,1,0
20171125,Lebanon,2,0,0
20171125,Liechtenstein,2,1,0
20171125,Morocco,2,1,0
20171125,Malta,2,0,0
20171125,New Caledonia,2,0,0
20171125,Romania,2,0,0
20171125,Suriname,2,0,0
20171125,Taiwan,2,0,0
20171125,Vietnam,2,0,0
20171126,Angola,2,1,0
20171126,Bahrain,2,0,0
20171126,Czechia,2,0,0
20171126,Dominican Republic,2,1,0
20171126,Guadeloupe,2,1,1
20171126,Hong Kong,2,1,0
20171126,Croatia,2,1,0
20171126,Martinique,2,0,0
20171126,Malaysia,2,0,0
20171126,Mozambique,2,1,0
20171126,Panama,2,1,0
20171126,Portugal,2,0,0
20171126,Romania,2,0,0
20171126,Solomon Islands,2,0,0
20171126,Slovenia,2,0,0
20171126,Turks & Caicos Islands,2,0,0
20171126,Tunisia,2,1,0
20171126,Trinidad & Tobago,2,3,2
20171127,Bosnia & Herzegovina,2,1,0
20171127,Bulgaria,2,0,0
20171127,Belize,2,0,0
20171127,Algeria,2,0,0
20171127,Ecuador,2,0,0
20171127,Kenya,2,0,0
20171127,Monaco,2,1,0
20171127,New Caledonia,2,0,0
20171127,Oman,2,1,0
20171127,Peru,2,0,0
20171127,Portugal,2,0,0
20171127,Réunion,2,0,0
20171127,Tanzania,2,0,0
20171128,Armenia,2,0,0
20171128,Bahrain,2,2,0
20171128,Bermuda,2,1,0
20171128,Cyprus,2,0,0
20171128,Dominican Republic,2,0,0
20171128,Ecuador,2,0,0
20171128,Haiti,2,2,0
20171128,Ireland,2,0,0
20171128,Kenya,2,0,0
20171128,Cambodia,2,1,0
20171128,Sri Lanka,2,0,0
20171128,Montenegro,2,1,0
20171128,Nigeria,2,0,0
20171128,Poland,2,0,0
20171128,Seychelles,2,1,0
20171128,Slovenia,2,0,0
20171128,Slovakia,2,1,0
20171128,Suriname,2,0,0
20171128,Ukraine,2,0,0
20171129,Bahamas,2,0,0
20171129,Switzerland,2,0,0
20171129,Costa Rica,2,0,0
20171129,Denmark,2,1,0
20171129,Algeria,2,0,0
20171129,Egypt,2,0,0
20171129,Guadeloupe,2,0,0
20171129,Hungary,2,0,0
20171129,Ireland,2,0,0
20171129,Cayman Islands,2,0,0
20171129,Lebanon,2,0,0
20171129,Morocco,2,0,0
20171129,Moldova,2,0,0
20171129,Maldives,2,0,0
20171129,Oman,2,0,0
20171129,Pakistan,2,0,0
20171129,Réunion,2,0,0
20171129,Romania,2,0,0
20171129,Singapore,2,0,0
20171129,El Salvador,2,0,0
20171130,Angola,2,1,0
20171130,Austria,2,0,0
20171130,Aruba,2,1,0
20171130,Bahrain,2,0,0
20171130,Belarus,2,0,0
20171130,Egypt,2,0,0
20171130,Fiji,2,0,0
20171130,Guinea,2,0,0
20171130,Guadeloupe,2,0,0
20171130,Hong Kong,2,0,0
20171130,Ireland,2,1,0
20171130,Luxembourg,2,0,0
20171130,Malta,2,0,0
20171130,Slovakia,2,0,0
20171130,Venezuela,2,1,0
20171201,Angola,2,2,0
20171201,Benin,2,1,0
20171201,Costa Rica,2,0,0
20171201,Curaçao,2,1,0
20171201,Dominican Republic,2,0,0
20171201,Egypt,2,0,0
20171201,Hong Kong,2,0,0
20171201,Ireland,2,0,0
20171201,Iran,2,0,0
20171201,South Korea,2,1,0
20171201,Sri Lanka,2,2,0
20171201,Morocco,2,0,0
20171201,Montenegro,2,0,0
20171201,Romania,2,0,0
20171201,Serbia,2,1,0
20171202,United Arab Emirates,2,0,0
20171202,Austria,2,0,0
20171202,Bahrain,2,0,0
20171202,Dominican Republic,2,0,0
20171202,Fiji,2,1,0
20171202,Gabon,2,0,0
20171202,Guadeloupe,2,0,0
20171202,Haiti,2,0,0
20171202,Hungary,2,2,0
20171202,India,2,1,0
20171202,Jamaica,2,0,0
20171202,Latvia,2,0,0
20171202,Marshall Islands,2,3,0
20171202,Malta,2,0,0
20171202,Maldives,2,0,0
20171202,Mozambique,2,0,0
20171202,New Caledonia,2,0,0
20171202,Paraguay,2,2,0
20171202,Slovakia,2,0,0
20171202,Tunisia,2,0,0
20171202,(not set),2,0,0
20171203,Angola,2,0,0
20171203,Barbados,2,0,0
20171203,Bulgaria,2,0,0
20171203,Algeria,2,1,0
20171203,French Guiana,2,0,0
20171203,Jordan,2,0,0
20171203,Latvia,2,0,0
20171203,Malta,2,0,0
20171203,Malaysia,2,0,0
20171203,Oman,2,0,0
20171203,Slovenia,2,1,0
20171203,Suriname,2,1,0
20171203,Vietnam,2,0,0
20171204,Afghanistan,2,0,0
20171204,Bermuda,2,1,0
20171204,Bolivia,2,0,0
20171204,Cyprus,2,0,0
20171204,Czechia,2,0,0
20171204,Algeria,2,0,0
20171204,Estonia,2,0,0
20171204,Fiji,2,0,0
20171204,Guatemala,2,0,0
20171204,Hungary,2,0,0
20171204,Jordan,2,1,0
20171204,Kenya,2,1,0
20171204,Lithuania,2,0,0
20171204,Luxembourg,2,1,0
20171204,Madagascar,2,0,0
20171204,Panama,2,0,0
20171204,Sint Maarten,2,0,0
20171204,Tunisia,2,0,0
20171204,Taiwan,2,0,0
20171205,Bosnia & Herzegovina,2,0,0
20171205,Belize,2,0,0
20171205,Costa Rica,2,0,0
20171205,Estonia,2,0,0
20171205,Guadeloupe,2,1,0
20171205,Ireland,2,2,0
20171205,Israel,2,2,0
20171205,Luxembourg,2,0,0
20171205,Latvia,2,0,0
20171205,Moldova,2,0,0
20171205,Mozambique,2,1,0
20171206,Angola,2,1,0
20171206,Switzerland,2,0,0
20171206,Algeria,2,0,0
20171206,Fiji,2,0,0
20171206,French Guiana,2,0,0
20171206,Guatemala,2,0,0
20171206,Israel,2,0,0
20171206,Jamaica,2,0,0
20171206,South Korea,2,0,0
20171206,Cayman Islands,2,0,0
20171206,Malta,2,1,0
20171206,New Caledonia,2,0,0
20171206,Panama,2,1,0
20171206,Qatar,2,0,0
20171206,Romania,2,1,0
20171206,Suriname,2,0,0
20171206,Taiwan,2,0,0
20171206,Vietnam,2,0,0
20171207,Curaçao,2,1,0
20171207,Estonia,2,0,0
20171207,Hungary,2,2,0
20171207,Cayman Islands,2,0,0
20171207,Latvia,2,0,0
20171207,Réunion,2,0,0
20171207,Singapore,2,0,0
20171207,Turks & Caicos Islands,2,0,0
20171207,Tunisia,2,0,0
20171207,Vietnam,2,0,0
20171208,Bulgaria,2,0,0
20171208,Bermuda,2,0,0
20171208,Algeria,2,0,0
20171208,Ecuador,2,0,0
20171208,Hong Kong,2,0,0
20171208,Croatia,2,0,0
20171208,Haiti,2,1,0
20171208,Ireland,2,0,0
20171208,Jamaica,2,0,0
20171208,Kuwait,2,1,0
20171208,Cayman Islands,2,0,0
20171208,Lithuania,2,0,0
20171208,Latvia,2,1,0
20171208,Montenegro,2,0,0
20171208,Romania,2,0,0
20171208,Singapore,2,1,0
20171208,Slovakia,2,0,0
20171208,Suriname,2,0,0
20171208,Turks & Caicos Islands,2,0,0
20171208,Taiwan,2,0,0
20171209,Barbados,2,2,0
20171209,Bangladesh,2,1,0
20171209,Bulgaria,2,0,0
20171209,Switzerland,2,0,0
20171209,Costa Rica,2,1,0
20171209,Algeria,2,0,0
20171209,Guadeloupe,2,1,0
20171209,Hong Kong,2,0,0
20171209,Israel,2,1,0
20171209,Morocco,2,1,0
20171209,Singapore,2,0,0
20171209,Suriname,2,1,0
20171209,El Salvador,2,2,0
20171209,Tunisia,2,0,0
20171209,Venezuela,2,0,0
20171210,Antigua & Barbuda,2,1,0
20171210,Albania,2,1,0
20171210,Belarus,2,0,0
20171210,Côte d’Ivoire,2,1,0
20171210,Denmark,2,1,0
20171210,Algeria,2,0,0
20171210,Guernsey,2,2,0
20171210,Guadeloupe,2,0,0
20171210,Guatemala,2,0,0
20171210,Hong Kong,2,1,0
20171210,Haiti,2,0,0
20171210,Israel,2,0,0
20171210,Iran,2,0,0
20171210,South Korea,2,0,0
20171210,St. Lucia,2,0,0
20171210,Latvia,2,0,0
20171210,Morocco,2,0,0
20171210,Maldives,2,0,0
20171210,Panama,2,0,0
20171210,French Polynesia,2,0,0
20171210,Philippines,2,0,0
20171210,Qatar,2,0,0
20171210,Serbia,2,0,0
20171210,Singapore,2,0,0
20171210,Turks & Caicos Islands,2,1,0
20171210,Tunisia,2,0,0
20171211,Angola,2,1,0
20171211,Cyprus,2,0,0
20171211,Estonia,2,0,0
20171211,Fiji,2,0,0
20171211,French Guiana,2,0,0
20171211,Guernsey,2,1,0
20171211,Ireland,2,0,0
20171211,Kenya,2,0,0
20171211,Luxembourg,2,1,0
20171211,Monaco,2,0,0
20171211,Malta,2,0,0
20171211,Papua New Guinea,2,0,0
20171211,Réunion,2,1,1
20171211,Suriname,2,0,0
20171211,Turks & Caicos Islands,2,0,0
20171211,U.S. Virgin Islands,2,1,0
20171212,Belgium,2,0,0
20171212,Cyprus,2,0,0
20171212,Israel,2,0,0
20171212,Liechtenstein,2,0,0
20171212,Morocco,2,0,0
20171212,Macedonia (FYROM),2,0,0
20171212,New Caledonia,2,0,0
20171212,Oman,2,2,1
20171212,Philippines,2,1,0
20171212,Serbia,2,0,0
20171212,Singapore,2,1,0
20171212,Slovenia,2,1,0
20171213,United Arab Emirates,2,0,0
20171213,Albania,2,0,0
20171213,Azerbaijan,2,0,0
20171213,Costa Rica,2,0,0
20171213,Czechia,2,0,0
20171213,Algeria,2,0,0
20171213,Fiji,2,0,0
20171213,South Korea,2,1,0
20171213,Madagascar,2,0,0
20171213,Pakistan,2,0,0
20171213,Seychelles,2,0,0
20171213,Venezuela,2,0,0
20171213,Vietnam,2,1,0
20171214,Barbados,2,1,0
20171214,Costa Rica,2,1,0
20171214,Algeria,2,0,0
20171214,Guatemala,2,0,0
20171214,Cambodia,2,0,0
20171214,Lithuania,2,0,0
20171214,Luxembourg,2,0,0
20171214,Morocco,2,1,0
20171214,Mauritius,2,0,0
20171214,Mozambique,2,1,0
20171214,Seychelles,2,2,0
20171214,Syria,2,0,0
20171215,Armenia,2,0,0
20171215,Bahrain,2,0,0
20171215,Czechia,2,1,0
20171215,Ecuador,2,0,0
20171215,Hong Kong,2,0,0
20171215,Israel,2,0,0
20171215,Monaco,2,0,0
20171215,Oman,2,1,0
20171215,Philippines,2,0,0
20171215,Qatar,2,0,0
20171215,Singapore,2,0,0
20171215,Tunisia,2,1,0
20171215,Trinidad & Tobago,2,0,0
20171116,Andorra,1,0,0
20171116,Aruba,1,1,0
20171116,Bahamas,1,1,0
20171116,Cameroon,1,0,0
20171116,Curaçao,1,0,0
20171116,Dominican Republic,1,0,0
20171116,Algeria,1,0,0
20171116,Egypt,1,1,0
20171116,Fiji,1,0,0
20171116,Grenada,1,0,0
20171116,Georgia,1,0,0
20171116,Ghana,1,0,0
20171116,Guadeloupe,1,0,0
20171116,Iceland,1,0,0
20171116,Jamaica,1,0,0
20171116,Cambodia,1,0,0
20171116,Lebanon,1,1,0
20171116,Monaco,1,0,0
20171116,Macau,1,0,0
20171116,Malta,1,1,0
20171116,Mozambique,1,0,0
20171116,Turks & Caicos Islands,1,1,0
20171116,Uruguay,1,0,0
20171117,Afghanistan,1,0,0
20171117,Bermuda,1,0,0
20171117,Costa Rica,1,0,0
20171117,Cape Verde,1,1,0
20171117,Djibouti,1,1,0
20171117,Dominican Republic,1,0,0
20171117,Ghana,1,0,0
20171117,Lithuania,1,0,0
20171117,Latvia,1,0,0
20171117,Moldova,1,1,0
20171117,Montenegro,1,0,0
20171117,Maldives,1,0,0
20171117,Panama,1,1,0
20171117,Peru,1,0,0
20171117,Pakistan,1,0,0
20171117,El Salvador,1,0,0
20171117,Turks & Caicos Islands,1,1,0
20171117,Trinidad & Tobago,1,0,0
20171117,Taiwan,1,0,0
20171117,Venezuela,1,0,0
20171118,Andorra,1,0,0
20171118,Aruba,1,0,0
20171118,Bermuda,1,0,0
20171118,Bolivia,1,0,0
20171118,Georgia,1,0,0
20171118,Guatemala,1,0,0
20171118,Honduras,1,0,0
20171118,Iran,1,0,0
20171118,Jordan,1,1,0
20171118,Kuwait,1,0,0
20171118,Lebanon,1,1,0
20171118,Liechtenstein,1,0,0
20171118,Luxembourg,1,1,0
20171118,Oman,1,0,0
20171118,Peru,1,0,0
20171118,Papua New Guinea,1,0,0
20171118,Pakistan,1,0,0
20171118,Serbia,1,0,0
20171118,Seychelles,1,0,0
20171118,Suriname,1,0,0
20171118,(not set),1,0,0
20171119,Angola,1,1,0
20171119,Bangladesh,1,0,0
20171119,Bermuda,1,0,0
20171119,Bahamas,1,0,0
20171119,Belarus,1,0,0
20171119,Cyprus,1,1,0
20171119,Algeria,1,0,0
20171119,Ecuador,1,0,0
20171119,Fiji,1,0,0
20171119,French Guiana,1,0,0
20171119,Guam,1,0,0
20171119,Iraq,1,1,0
20171119,Iceland,1,1,0
20171119,Jamaica,1,0,0
20171119,Cambodia,1,0,0
20171119,Cayman Islands,1,0,0
20171119,Kazakhstan,1,0,0
20171119,St. Lucia,1,0,0
20171119,Sri Lanka,1,0,0
20171119,Luxembourg,1,0,0
20171119,Latvia,1,0,0
20171119,Montenegro,1,0,0
20171119,Madagascar,1,0,0
20171119,Nigeria,1,0,0
20171119,Réunion,1,0,0
20171119,Seychelles,1,1,0
20171119,Sierra Leone,1,0,0
20171119,El Salvador,1,0,0
20171119,Vietnam,1,0,0
20171120,Barbados,1,0,0
20171120,Brunei,1,0,0
20171120,Bolivia,1,0,0
20171120,Congo - Brazzaville,1,0,0
20171120,Côte d’Ivoire,1,0,0
20171120,Djibouti,1,1,0
20171120,Dominican Republic,1,0,0
20171120,Georgia,1,0,0
20171120,Ghana,1,0,0
20171120,Guadeloupe,1,0,0
20171120,Guyana,1,0,0
20171120,Lithuania,1,0,0
20171120,Mozambique,1,1,0
20171120,Paraguay,1,0,0
20171120,Seychelles,1,0,0
20171120,Slovenia,1,1,0
20171120,Sint Maarten,1,1,0
20171120,Uruguay,1,0,0
20171121,Antigua & Barbuda,1,0,0
20171121,Albania,1,0,0
20171121,Aruba,1,1,0
20171121,Azerbaijan,1,0,0
20171121,Barbados,1,0,0
20171121,Bangladesh,1,0,0
20171121,Belarus,1,0,0
20171121,Curaçao,1,0,0
20171121,Algeria,1,0,0
20171121,French Guiana,1,0,0
20171121,Guyana,1,0,0
20171121,Jamaica,1,0,0
20171121,Laos,1,0,0
20171121,St. Lucia,1,0,0
20171121,Latvia,1,1,0
20171121,Morocco,1,0,0
20171121,Montenegro,1,0,0
20171121,Macedonia (FYROM),1,1,0
20171121,Nigeria,1,0,0
20171121,Romania,1,0,0
20171121,Solomon Islands,1,1,0
20171121,Seychelles,1,0,0
20171121,Slovenia,1,0,0
20171121,Trinidad & Tobago,1,0,0
20171121,Tanzania,1,1,0
20171121,Zimbabwe,1,0,0
20171122,Afghanistan,1,0,0
20171122,Albania,1,0,0
20171122,Angola,1,0,0
20171122,Bosnia & Herzegovina,1,0,0
20171122,Barbados,1,0,0
20171122,Bahrain,1,0,0
20171122,Brunei,1,0,0
20171122,Cook Islands,1,0,0
20171122,Cyprus,1,1,0
20171122,Algeria,1,0,0
20171122,Ecuador,1,0,0
20171122,Estonia,1,0,0
20171122,Guinea,1,0,0
20171122,Haiti,1,0,0
20171122,Israel,1,0,0
20171122,Iran,1,0,0
20171122,Kenya,1,0,0
20171122,Sri Lanka,1,0,0
20171122,Latvia,1,0,0
20171122,Mauritius,1,0,0
20171122,Oman,1,0,0
20171122,Papua New Guinea,1,1,1
20171122,Serbia,1,0,0
20171122,Syria,1,0,0
20171122,Trinidad & Tobago,1,1,0
20171122,Taiwan,1,0,0
20171122,Tanzania,1,0,0
20171122,Venezuela,1,1,0
20171122,Vietnam,1,0,0
20171123,Andorra,1,0,0
20171123,Afghanistan,1,0,0
20171123,Albania,1,0,0
20171123,Bosnia & Herzegovina,1,0,0
20171123,Bermuda,1,1,0
20171123,Belize,1,1,0
20171123,Curaçao,1,0,0
20171123,Gibraltar,1,0,0
20171123,Guadeloupe,1,0,0
20171123,Haiti,1,0,0
20171123,Iceland,1,0,0
20171123,Jordan,1,0,0
20171123,Morocco,1,0,0
20171123,Macedonia (FYROM),1,0,0
20171123,Maldives,1,0,0
20171123,Mozambique,1,0,0
20171123,Oman,1,0,0
20171123,Panama,1,0,0
20171123,Papua New Guinea,1,0,0
20171123,Pakistan,1,0,0
20171123,Réunion,1,1,0
20171123,Slovakia,1,0,0
20171123,Suriname,1,0,0
20171123,Tunisia,1,0,0
20171123,Trinidad & Tobago,1,1,0
20171123,Uruguay,1,0,0
20171123,Vietnam,1,0,0
20171124,Angola,1,0,0
20171124,Åland Islands,1,0,0
20171124,Barbados,1,0,0
20171124,Bangladesh,1,0,0
20171124,Bermuda,1,0,0
20171124,Belarus,1,0,0
20171124,Congo - Brazzaville,1,0,0
20171124,Egypt,1,0,0
20171124,Ethiopia,1,0,0
20171124,Greenland,1,0,0
20171124,Guadeloupe,1,0,0
20171124,Guam,1,1,0
20171124,Haiti,1,0,0
20171124,Ireland,1,0,0
20171124,Israel,1,0,0
20171124,Iraq,1,1,0
20171124,Iceland,1,0,0
20171124,Kuwait,1,1,0
20171124,Cayman Islands,1,1,0
20171124,Liechtenstein,1,0,0
20171124,Sri Lanka,1,0,0
20171124,Luxembourg,1,0,0
20171124,Morocco,1,0,0
20171124,Madagascar,1,0,0
20171124,Malta,1,0,0
20171124,Peru,1,0,0
20171124,Serbia,1,0,0
20171124,Solomon Islands,1,0,0
20171124,Seychelles,1,0,0
20171124,Turks & Caicos Islands,1,0,0
20171124,Uruguay,1,1,0
20171124,Vietnam,1,0,0
20171125,Antigua & Barbuda,1,0,0
20171125,Barbados,1,0,0
20171125,Cameroon,1,0,0
20171125,Costa Rica,1,0,0
20171125,Cyprus,1,0,0
20171125,Dominican Republic,1,0,0
20171125,Algeria,1,0,0
20171125,Gabon,1,1,0
20171125,Guadeloupe,1,0,0
20171125,Hong Kong,1,0,0
20171125,Honduras,1,0,0
20171125,Iraq,1,0,0
20171125,Iceland,1,0,0
20171125,Cayman Islands,1,0,0
20171125,Lithuania,1,0,0
20171125,Latvia,1,1,0
20171125,Monaco,1,0,0
20171125,Martinique,1,0,0
20171125,Oman,1,1,0
20171125,Serbia,1,1,0
20171125,Seychelles,1,0,0
20171125,Singapore,1,1,0
20171125,Turkey,1,0,0
20171125,Trinidad & Tobago,1,0,0
20171125,(not set),1,0,0
20171126,Bermuda,1,0,0
20171126,Botswana,1,0,0
20171126,Côte d’Ivoire,1,0,0
20171126,Ecuador,1,0,0
20171126,Fiji,1,0,0
20171126,French Guiana,1,0,0
20171126,Greenland,1,0,0
20171126,Haiti,1,0,0
20171126,Ireland,1,0,0
20171126,Iceland,1,0,0
20171126,Jamaica,1,0,0
20171126,Kuwait,1,1,0
20171126,Cayman Islands,1,0,0
20171126,Sri Lanka,1,1,0
20171126,Libya,1,0,0
20171126,Montenegro,1,0,0
20171126,Myanmar (Burma),1,0,0
20171126,Malta,1,1,0
20171126,New Caledonia,1,0,0
20171126,Nigeria,1,0,0
20171126,Nicaragua,1,0,0
20171126,French Polynesia,1,0,0
20171126,Seychelles,1,0,0
20171126,Taiwan,1,0,0
20171126,Uruguay,1,0,0
20171126,U.S. Virgin Islands,1,0,0
20171126,Zimbabwe,1,1,0
20171127,American Samoa,1,0,0
20171127,Barbados,1,1,0
20171127,Brunei,1,0,0
20171127,Cameroon,1,1,0
20171127,Cuba,1,0,0
20171127,Cyprus,1,0,0
20171127,Estonia,1,0,0
20171127,Gabon,1,1,0
20171127,French Guiana,1,0,0
20171127,Ghana,1,0,0
20171127,Gibraltar,1,1,0
20171127,Guatemala,1,1,0
20171127,Guam,1,1,0
20171127,Croatia,1,0,0
20171127,Iraq,1,0,0
20171127,Cambodia,1,0,0
20171127,Lebanon,1,0,0
20171127,Liechtenstein,1,0,0
20171127,Lithuania,1,0,0
20171127,Latvia,1,0,0
20171127,Libya,1,0,0
20171127,Morocco,1,0,0
20171127,Montenegro,1,0,0
20171127,St. Martin,1,0,0
20171127,Madagascar,1,0,0
20171127,Mozambique,1,0,0
20171127,Nigeria,1,0,0
20171127,Slovakia,1,0,0
20171127,Taiwan,1,1,0
20171128,Antigua & Barbuda,1,1,0
20171128,Aruba,1,0,0
20171128,Bangladesh,1,0,0
20171128,Belarus,1,0,0
20171128,Curaçao,1,0,0
20171128,Estonia,1,0,0
20171128,Ethiopia,1,0,0
20171128,Guam,1,0,0
20171128,Jordan,1,1,0
20171128,Cayman Islands,1,1,0
20171128,Lithuania,1,0,0
20171128,Monaco,1,1,0
20171128,Myanmar (Burma),1,0,0
20171128,Northern Mariana Islands,1,0,0
20171128,Maldives,1,0,0
20171128,New Caledonia,1,0,0
20171128,Qatar,1,0,0
20171128,Serbia,1,0,0
20171128,Singapore,1,0,0
20171128,Syria,1,0,0
20171128,Turks & Caicos Islands,1,0,0
20171128,Trinidad & Tobago,1,0,0
20171129,Albania,1,0,0
20171129,Bosnia & Herzegovina,1,0,0
20171129,Barbados,1,0,0
20171129,Brunei,1,0,0
20171129,Central African Republic,1,0,0
20171129,Congo - Brazzaville,1,1,0
20171129,Faroe Islands,1,1,0
20171129,Guyana,1,0,0
20171129,Iran,1,1,0
20171129,Kuwait,1,0,0
20171129,Kazakhstan,1,0,0
20171129,Sri Lanka,1,0,0
20171129,Monaco,1,1,0
20171129,Malta,1,0,0
20171129,Serbia,1,0,0
20171129,Sierra Leone,1,0,0
20171129,Kosovo,1,0,0
20171130,Antigua & Barbuda,1,0,0
20171130,Azerbaijan,1,0,0
20171130,Bermuda,1,0,0
20171130,Côte d’Ivoire,1,0,0
20171130,Cameroon,1,0,0
20171130,Denmark,1,0,0
20171130,Ghana,1,0,0
20171130,Gambia,1,0,0
20171130,Jersey,1,0,0
20171130,Cambodia,1,1,0
20171130,Morocco,1,0,0
20171130,Monaco,1,0,0
20171130,St. Martin,1,0,0
20171130,Mauritius,1,1,0
20171130,Oman,1,0,0
20171130,Pakistan,1,0,0
20171130,Réunion,1,0,0
20171130,Serbia,1,0,0
20171130,Singapore,1,0,0
20171130,Senegal,1,0,0
20171130,Suriname,1,0,0
20171130,Tunisia,1,0,0
20171130,Tanzania,1,0,0
20171130,Kosovo,1,0,0
20171130,(not set),1,0,0
20171201,Antigua & Barbuda,1,0,0
20171201,Albania,1,0,0
20171201,Austria,1,0,0
20171201,Bolivia,1,0,0
20171201,Belarus,1,0,0
20171201,Côte d’Ivoire,1,0,0
20171201,Cape Verde,1,0,0
20171201,Algeria,1,0,0
20171201,Ecuador,1,0,0
20171201,Fiji,1,1,0
20171201,Guinea,1,0,0
20171201,Guadeloupe,1,1,0
20171201,Guyana,1,0,0
20171201,Iceland,1,0,0
20171201,Jordan,1,1,0
20171201,Kenya,1,0,0
20171201,Cambodia,1,0,0
20171201,St. Kitts & Nevis,1,0,0
20171201,Cayman Islands,1,0,0
20171201,Lithuania,1,1,0
20171201,Libya,1,0,0
20171201,Madagascar,1,0,0
20171201,Mauritania,1,0,0
20171201,Maldives,1,0,0
20171201,New Caledonia,1,0,0
20171201,Panama,1,1,0
20171201,Réunion,1,0,0
20171201,Seychelles,1,0,0
20171201,Slovakia,1,0,0
20171201,Suriname,1,0,0
20171201,El Salvador,1,0,0
20171201,Tunisia,1,0,0
20171201,Uganda,1,1,0
20171201,U.S. Virgin Islands,1,1,1
20171202,Andorra,1,0,0
20171202,Antigua & Barbuda,1,0,0
20171202,Bosnia & Herzegovina,1,0,0
20171202,Bermuda,1,1,0
20171202,Caribbean Netherlands,1,0,0
20171202,Algeria,1,0,0
20171202,Ireland,1,1,0
20171202,Jordan,1,1,0
20171202,Cayman Islands,1,0,0
20171202,Laos,1,0,0
20171202,Lebanon,1,0,0
20171202,Luxembourg,1,0,0
20171202,Madagascar,1,0,0
20171202,Malaysia,1,0,0
20171202,Oman,1,0,0
20171202,French Polynesia,1,0,0
20171202,Réunion,1,0,0
20171202,Seychelles,1,0,0
20171202,Singapore,1,1,0
20171202,Turks & Caicos Islands,1,0,0
20171202,Trinidad & Tobago,1,0,0
20171203,Andorra,1,0,0
20171203,Afghanistan,1,0,0
20171203,Antigua & Barbuda,1,0,0
20171203,American Samoa,1,0,0
20171203,Aruba,1,0,0
20171203,Bermuda,1,1,0
20171203,Caribbean Netherlands,1,0,0
20171203,Bahamas,1,1,0
20171203,Cyprus,1,0,0
20171203,Estonia,1,0,0
20171203,Ghana,1,0,0
20171203,Guadeloupe,1,0,0
20171203,South Korea,1,0,0
20171203,Cayman Islands,1,0,0
20171203,Kazakhstan,1,1,0
20171203,Monaco,1,0,0
20171203,Montenegro,1,1,0
20171203,Marshall Islands,1,0,0
20171203,Myanmar (Burma),1,0,0
20171203,Mauritania,1,0,0
20171203,Nigeria,1,0,0
20171203,Panama,1,0,0
20171203,Pakistan,1,1,0
20171203,Serbia,1,0,0
20171203,Slovakia,1,0,0
20171203,Tunisia,1,1,0
20171203,Trinidad & Tobago,1,0,0
20171203,Zimbabwe,1,1,0
20171204,Antigua & Barbuda,1,1,0
20171204,Albania,1,0,0
20171204,Armenia,1,1,0
20171204,Angola,1,1,0
20171204,Brunei,1,0,0
20171204,Cape Verde,1,0,0
20171204,Georgia,1,0,0
20171204,Gibraltar,1,0,0
20171204,Honduras,1,0,0
20171204,Iraq,1,1,0
20171204,Jamaica,1,0,0
20171204,Cambodia,1,0,0
20171204,Cayman Islands,1,1,0
20171204,Kazakhstan,1,1,0
20171204,Laos,1,0,0
20171204,Montenegro,1,0,0
20171204,St. Martin,1,0,0
20171204,Macau,1,0,0
20171204,Malta,1,1,0
20171204,Maldives,1,1,0
20171204,Namibia,1,0,0
20171204,Pakistan,1,0,0
20171204,Réunion,1,0,0
20171204,Singapore,1,0,0
20171204,Suriname,1,0,0
20171204,Trinidad & Tobago,1,0,0
20171204,Uzbekistan,1,0,0
20171204,Vietnam,1,0,0
20171205,Angola,1,0,0
20171205,Curaçao,1,1,0
20171205,Cyprus,1,0,0
20171205,Gabon,1,0,0
20171205,French Guiana,1,0,0
20171205,Gibraltar,1,1,0
20171205,Haiti,1,0,0
20171205,Iraq,1,0,0
20171205,Lebanon,1,0,0
20171205,Madagascar,1,0,0
20171205,Malta,1,0,0
20171205,Malawi,1,1,0
20171205,Malaysia,1,0,0
20171205,Namibia,1,0,0
20171205,Oman,1,0,0
20171205,Panama,1,0,0
20171205,Pakistan,1,0,0
20171205,Serbia,1,0,0
20171205,Solomon Islands,1,0,0
20171205,Slovakia,1,0,0
20171205,Suriname,1,0,0
20171205,Trinidad & Tobago,1,0,0
20171205,Taiwan,1,0,0
20171205,Ukraine,1,0,0
20171205,Mayotte,1,0,0
20171205,Zambia,1,0,0
20171206,Antigua & Barbuda,1,1,0
20171206,Albania,1,0,0
20171206,Aruba,1,0,0
20171206,Azerbaijan,1,0,0
20171206,Bahrain,1,0,0
20171206,Caribbean Netherlands,1,0,0
20171206,Costa Rica,1,0,0
20171206,Egypt,1,1,0
20171206,Grenada,1,0,0
20171206,Gambia,1,0,0
20171206,Guam,1,0,0
20171206,Guyana,1,0,0
20171206,Iran,1,0,0
20171206,Jersey,1,0,0
20171206,Jordan,1,0,0
20171206,Kenya,1,0,0
20171206,Kuwait,1,1,0
20171206,Kazakhstan,1,0,0
20171206,Lithuania,1,0,0
20171206,Latvia,1,0,0
20171206,Montenegro,1,0,0
20171206,St. Martin,1,0,0
20171206,Mozambique,1,0,0
20171206,Nicaragua,1,0,0
20171206,Nepal,1,0,0
20171206,Oman,1,0,0
20171206,Pakistan,1,0,0
20171206,Serbia,1,0,0
20171206,Slovakia,1,1,0
20171206,Syria,1,0,0
20171206,Turks & Caicos Islands,1,0,0
20171206,Togo,1,0,0
20171206,Tunisia,1,0,0
20171206,Uruguay,1,1,0
20171206,Zambia,1,0,0
20171207,Armenia,1,0,0
20171207,Aruba,1,0,0
20171207,Barbados,1,0,0
20171207,Bahrain,1,0,0
20171207,Benin,1,0,0
20171207,Bermuda,1,0,0
20171207,Cape Verde,1,0,0
20171207,Cyprus,1,0,0
20171207,Denmark,1,0,0
20171207,Egypt,1,0,0
20171207,Fiji,1,0,0
20171207,Grenada,1,0,0
20171207,Georgia,1,0,0
20171207,French Guiana,1,0,0
20171207,Guyana,1,0,0
20171207,Iran,1,0,0
20171207,Jersey,1,0,0
20171207,Jamaica,1,0,0
20171207,Cambodia,1,0,0
20171207,Kazakhstan,1,0,0
20171207,Montenegro,1,1,0
20171207,Myanmar (Burma),1,0,0
20171207,Maldives,1,0,0
20171207,Mozambique,1,1,0
20171207,Oman,1,0,0
20171207,Pakistan,1,0,0
20171207,Slovakia,1,0,0
20171207,Suriname,1,0,0
20171207,Syria,1,1,0
20171207,Mayotte,1,0,0
20171208,Andorra,1,0,0
20171208,Antigua & Barbuda,1,0,0
20171208,Angola,1,0,0
20171208,Barbados,1,1,0
20171208,Bahrain,1,0,0
20171208,Belarus,1,0,0
20171208,Cook Islands,1,0,0
20171208,Greenland,1,0,0
20171208,Guyana,1,0,0
20171208,Israel,1,0,0
20171208,Iceland,1,0,0
20171208,Morocco,1,0,0
20171208,St. Martin,1,0,0
20171208,Macedonia (FYROM),1,0,0
20171208,Malta,1,0,0
20171208,Maldives,1,0,0
20171208,Panama,1,0,0
20171208,Papua New Guinea,1,0,0
20171208,Pakistan,1,0,0
20171208,Qatar,1,0,0
20171208,Réunion,1,0,0
20171208,Solomon Islands,1,0,0
20171208,Slovenia,1,0,0
20171208,El Salvador,1,1,0
20171208,Tunisia,1,0,0
20171208,Turkey,1,0,0
20171208,Venezuela,1,0,0
20171208,Vietnam,1,0,0
20171209,United Arab Emirates,1,0,0
20171209,Antigua & Barbuda,1,0,0
20171209,Angola,1,0,0
20171209,Aruba,1,0,0
20171209,Bahrain,1,1,0
20171209,Belarus,1,0,0
20171209,Belize,1,0,0
20171209,Congo - Kinshasa,1,0,0
20171209,Côte d’Ivoire,1,0,0
20171209,Djibouti,1,0,0
20171209,Ghana,1,0,0
20171209,Gibraltar,1,0,0
20171209,Greenland,1,0,0
20171209,Honduras,1,0,0
20171209,Iraq,1,0,0
20171209,Iran,1,0,0
20171209,Jordan,1,0,0
20171209,St. Kitts & Nevis,1,0,0
20171209,Cayman Islands,1,0,0
20171209,Lebanon,1,0,0
20171209,St. Lucia,1,0,0
20171209,Lithuania,1,0,0
20171209,Latvia,1,0,0
20171209,Mauritius,1,0,0
20171209,Mozambique,1,0,0
20171209,Nepal,1,1,0
20171209,French Polynesia,1,0,0
20171209,Philippines,1,0,0
20171209,Réunion,1,0,0
20171209,Serbia,1,0,0
20171209,Seychelles,1,0,0
20171209,Turkey,1,0,0
20171209,Trinidad & Tobago,1,0,0
20171209,Vietnam,1,0,0
20171209,Vanuatu,1,0,0
20171210,Afghanistan,1,0,0
20171210,Angola,1,0,0
20171210,Aruba,1,0,0
20171210,Barbados,1,0,0
20171210,Brunei,1,0,0
20171210,Bahamas,1,1,0
20171210,Switzerland,1,0,0
20171210,French Guiana,1,0,0
20171210,Ghana,1,0,0
20171210,Equatorial Guinea,1,0,0
20171210,Iraq,1,0,0
20171210,Jamaica,1,0,0
20171210,Cambodia,1,0,0
20171210,St. Kitts & Nevis,1,0,0
20171210,Kazakhstan,1,0,0
20171210,Sri Lanka,1,0,0
20171210,Lithuania,1,0,0
20171210,Mongolia,1,0,0
20171210,Malta,1,0,0
20171210,Mauritius,1,0,0
20171210,Nigeria,1,0,0
20171210,Oman,1,0,0
20171210,Romania,1,0,0
20171210,Slovakia,1,0,0
20171210,El Salvador,1,0,0
20171210,Trinidad & Tobago,1,0,0
20171210,Uganda,1,0,0
20171210,St. Vincent & Grenadines,1,0,0
20171210,Venezuela,1,0,0
20171210,Vietnam,1,0,0
20171211,Albania,1,0,0
20171211,Azerbaijan,1,0,0
20171211,Bermuda,1,1,0
20171211,Bolivia,1,0,0
20171211,Caribbean Netherlands,1,1,0
20171211,Belarus,1,0,0
20171211,Faroe Islands,1,1,0
20171211,Guadeloupe,1,0,0
20171211,Iraq,1,0,0
20171211,Iran,1,0,0
20171211,Laos,1,1,0
20171211,Lebanon,1,0,0
20171211,Moldova,1,0,0
20171211,Maldives,1,1,0
20171211,Nigeria,1,1,0
20171211,Oman,1,0,0
20171211,Pakistan,1,0,0
20171211,Qatar,1,0,0
20171211,Romania,1,0,0
20171211,Slovakia,1,1,0
20171211,El Salvador,1,0,0
20171211,Taiwan,1,0,0
20171212,Angola,1,0,0
20171212,Azerbaijan,1,0,0
20171212,Barbados,1,0,0
20171212,Bulgaria,1,0,0
20171212,Benin,1,0,0
20171212,Bahamas,1,0,0
20171212,Fiji,1,0,0
20171212,Guadeloupe,1,0,0
20171212,Iceland,1,1,0
20171212,Jamaica,1,0,0
20171212,Cambodia,1,1,0
20171212,Cayman Islands,1,0,0
20171212,Lithuania,1,0,0
20171212,Montenegro,1,1,0
20171212,Madagascar,1,0,0
20171212,Northern Mariana Islands,1,0,0
20171212,Malawi,1,0,0
20171212,Nigeria,1,0,0
20171212,French Polynesia,1,0,0
20171212,Romania,1,1,0
20171212,São Tomé & Príncipe,1,0,0
20171212,Turks & Caicos Islands,1,1,0
20171212,Trinidad & Tobago,1,0,0
20171212,Taiwan,1,1,0
20171212,Tanzania,1,0,0
20171212,Vietnam,1,0,0
20171213,Angola,1,0,0
20171213,Bangladesh,1,0,0
20171213,Bermuda,1,0,0
20171213,Bolivia,1,0,0
20171213,Belize,1,0,0
20171213,Cook Islands,1,1,1
20171213,Cyprus,1,0,0
20171213,Ecuador,1,0,0
20171213,Georgia,1,0,0
20171213,Guadeloupe,1,0,0
20171213,Honduras,1,0,0
20171213,Iran,1,0,0
20171213,Jamaica,1,0,0
20171213,Cambodia,1,0,0
20171213,Lebanon,1,0,0
20171213,St. Lucia,1,0,0
20171213,Liechtenstein,1,0,0
20171213,Sri Lanka,1,0,0
20171213,Latvia,1,0,0
20171213,Libya,1,0,0
20171213,Mauritius,1,0,0
20171213,Malaysia,1,0,0
20171213,Nigeria,1,0,0
20171213,Nicaragua,1,0,0
20171213,French Polynesia,1,0,0
20171213,Singapore,1,1,0
20171213,Senegal,1,0,0
20171213,Sint Maarten,1,0,0
20171213,Turks & Caicos Islands,1,0,0
20171213,Turkey,1,0,0
20171213,Taiwan,1,0,0
20171213,Tanzania,1,0,0
20171213,Samoa,1,0,0
20171213,Zimbabwe,1,1,0
20171214,Afghanistan,1,1,0
20171214,Angola,1,0,0
20171214,Bangladesh,1,1,0
20171214,Bahrain,1,0,0
20171214,Brunei,1,0,0
20171214,Caribbean Netherlands,1,1,0
20171214,Bahamas,1,0,0
20171214,Côte d’Ivoire,1,0,0
20171214,Czechia,1,0,0
20171214,Estonia,1,0,0
20171214,Guadeloupe,1,0,0
20171214,Honduras,1,0,0
20171214,Haiti,1,0,0
20171214,Iran,1,0,0
20171214,Iceland,1,0,0
20171214,Jamaica,1,0,0
20171214,Jordan,1,1,0
20171214,Liechtenstein,1,0,0
20171214,Sri Lanka,1,1,0
20171214,Latvia,1,0,0
20171214,Monaco,1,0,0
20171214,Malta,1,0,0
20171214,French Polynesia,1,0,0
20171214,Turks & Caicos Islands,1,0,0
20171214,Trinidad & Tobago,1,1,0
20171214,Venezuela,1,0,0
20171214,Vietnam,1,0,0
20171215,Afghanistan,1,1,0
20171215,Barbados,1,0,0
20171215,Brunei,1,1,0
20171215,Caribbean Netherlands,1,0,0
20171215,Belize,1,1,0
20171215,Côte d’Ivoire,1,1,0
20171215,Algeria,1,0,0
20171215,Grenada,1,0,0
20171215,Guernsey,1,1,0
20171215,Gibraltar,1,1,0
20171215,Guadeloupe,1,1,0
20171215,Guatemala,1,0,0
20171215,Honduras,1,0,0
20171215,Indonesia,1,0,0
20171215,Iraq,1,0,0
20171215,Jamaica,1,0,0
20171215,Cambodia,1,0,0
20171215,Kuwait,1,0,0
20171215,Latvia,1,0,0
20171215,Morocco,1,0,0
20171215,Mauritius,1,0,0
20171215,Maldives,1,0,0
20171215,Mozambique,1,0,0
20171215,New Caledonia,1,0,0
20171215,Nigeria,1,1,0
20171215,French Polynesia,1,0,0
20171215,Solomon Islands,1,0,0
20171215,Seychelles,1,0,0
20171215,Suriname,1,0,0
20171215,El Salvador,1,0,0
